antigen_seq,antigen_len,num_paired_cdr3,pred_top_len,true_length_counts,pred_prob_len_1,pred_prob_len_2,pred_prob_len_3,pred_prob_len_4,pred_prob_len_5,pred_prob_len_6,pred_prob_len_7,pred_prob_len_8,pred_prob_len_9,pred_prob_len_10,pred_prob_len_11,pred_prob_len_12,pred_prob_len_13,pred_prob_len_14,pred_prob_len_15,pred_prob_len_16,pred_prob_len_17,pred_prob_len_18,pred_prob_len_19,pred_prob_len_20,pred_prob_len_21,pred_prob_len_22,pred_prob_len_23,pred_prob_len_24,pred_prob_len_25,pred_prob_len_26,pred_prob_len_27,pred_prob_len_28,pred_prob_len_29,pred_prob_len_30
SQCVNLTTRTQLPPAYTNSFTRGVYYPDKVFRSSVLHSTQDLFLPFFSNVTWFHAIHVSGTNGTKRFDNPVLPFNDGVYFASTEKSNIIRGWIFGTTLDSKTQSLLIVNNATNVVIKVCEFQFCNDPFLGVYYHKNNKSWMESEFRVYSSANNCTFEYVSQPFLMDLEGKQGNFKNLREFVFKNIDGYFKIYSKHTPINLVRDLPQGFSALEPLVDLPIGINITRFQTLLALHRSYLTPGDSSSGWTAGAAAYYVGYLQPRTFLLKYNENGTITDAVDCALDPLSETKCTLK,292,157,14,"{10: 2, 11: 2, 12: 4, 13: 12, 14: 21, 15: 15, 16: 11, 17: 18, 18: 5, 19: 15, 20: 8, 21: 29, 22: 3, 23: 2, 24: 4, 25: 4, 27: 2}",2.8377963867676215e-10,1.515161613951932e-07,7.610036906191553e-11,6.510624678268684e-11,1.4620472029491793e-05,9.981363652267206e-11,0.00016303495795000345,0.0013933825539425015,0.005175016354769468,0.010101917199790478,2.363934436289128e-05,0.007886654697358608,0.0045516109094023705,0.4139547049999237,0.3073517084121704,1.3385998727244441e-06,0.0633351132273674,0.047805510461330414,0.00044634187361225486,0.0009258011705242097,0.005481909029185772,0.015362130478024483,0.016566531732678413,0.0021250834688544273,0.05640517920255661,0.0007262411527335644,0.04016567021608353,1.7476299035479315e-05,1.9223563867853954e-05,2.0637102693399356e-08
RVQPTESIVRFPNITNLCPFGEVFNATRFASVYAWNRKRISNCVADYSVLYNSASFSTFKCYGVSPTKLNDLCFTNVYADSFVIRGDEVRQIAPGQTGNIADYNYKLPDDFTGCVIAWNSNNLDSKVGGNYNYLYRLFRKSNLKPFERDISTEIYQAGSTPCNGVKGFNCYFPLQSYGFQPTYGVGYQPYRVVVLSFELLHAPATVCGPKKSTNLVKNKCVNF,223,271,14,"{7: 1, 8: 2, 9: 4, 10: 4, 11: 49, 12: 18, 13: 11, 14: 29, 15: 27, 16: 40, 17: 16, 18: 19, 19: 7, 20: 20, 21: 10, 22: 7, 23: 2, 24: 4, 27: 1}",3.654886115977973e-11,1.684304962168426e-08,9.901314143578865e-12,5.9831441016899856e-12,6.393861895048758e-06,2.4865529080209114e-10,6.773959466954693e-05,0.002780743408948183,0.03230316564440727,0.0363377220928669,0.004671993665397167,0.14621374011039734,0.019445769488811493,0.41777360439300537,0.08958788961172104,1.8951606080008787e-06,0.0020198398269712925,0.1821446269750595,2.2006479412084445e-06,0.0034643730614334345,1.2187180800538044e-05,0.005648957099765539,0.048610251396894455,0.0001074533283826895,0.007538076024502516,0.00024102845054585487,0.0010115733603015542,2.4099763322738e-06,6.379748356266646e-06,2.0790537291759392e-08
RVQPTESIVRFPNITNLCPFGEVFNATRFASVYAWNRKRISNCVADYSVLYNSASFSTFKCYGVSPTKLNDLCFTNVYADSFVIRGDEVRQIAPGQTGTIADYNYKLPDDFTGCVIAWNSNNLDSKVGGNYNYLYRLFRKSNLKPFERDISTEIYQAGSTPCNGVKGFNCYFPLQSYGFQPTYGVGYQPYRVVVLSFELLHAPATVCGPKKSTNLVKNKCVNF,223,191,14,"{7: 1, 8: 2, 9: 3, 10: 2, 11: 39, 12: 18, 13: 9, 14: 20, 15: 14, 16: 24, 17: 8, 18: 14, 19: 4, 20: 17, 21: 8, 22: 4, 23: 2, 24: 2}",2.974638244057637e-11,1.419555228920899e-08,7.87117506589885e-12,4.7392250714095585e-12,5.672992756444728e-06,2.0850234039304638e-10,6.169293192215264e-05,0.002647965680807829,0.031732719391584396,0.03550005704164505,0.004779360722750425,0.14895661175251007,0.01947631686925888,0.41853272914886475,0.08700326830148697,1.7627152146815206e-06,0.0018347720615565777,0.1843901425600052,1.8580841469884035e-06,0.0034610992297530174,1.0520239811739884e-05,0.0053309001959860325,0.04786567762494087,9.633309673517942e-05,0.007144593633711338,0.00022075272863730788,0.0009373248904012144,2.112214360749931e-06,5.6794556257955264e-06,1.797493709432274e-08
RVQPTESIVRFPNITNLCPFGEVFNATRFASVYAWNRKRISNCVADYSVLYNSASFSTFKCYGVSPTKLNDLCFTNVYADSFVIRGDEVRQIAPGQTGKIADYNYKLPDDFTGCVIAWNSNNLDSKVGGNYNYRYRLFRKSNLKPFERDISTEIYQAGSKPCNGVEGFNCYFPLQSYGFQPTNGVGYQPYRVVVLSFELLHAPATVCGPKKSTNLVKNKCVNF,223,241,14,"{8: 2, 9: 4, 10: 4, 11: 49, 12: 13, 13: 11, 14: 29, 15: 21, 16: 32, 17: 13, 18: 14, 19: 8, 20: 21, 21: 6, 22: 6, 23: 3, 24: 3, 25: 1, 27: 1}",8.858185018834064e-11,3.453287789056958e-08,2.6339572883893325e-11,1.6153444901134684e-11,1.0521147487452254e-05,5.328816832239625e-10,9.997696906793863e-05,0.0034038620069622993,0.034760523587465286,0.03991728648543358,0.004429072607308626,0.13681374490261078,0.019664928317070007,0.41127312183380127,0.10001655668020248,2.6530181003181497e-06,0.002917313016951084,0.1735423505306244,4.335092398832785e-06,0.0035823159851133823,2.20860729314154e-05,0.0071028657257556915,0.051259126514196396,0.00016731498180888593,0.009271073155105114,0.00034411673550494015,0.001380325760692358,4.155822352913674e-06,1.0329444194212556e-05,3.8859031548099665e-08
RVQPTESIVRFPNITNLCPFDEVFNATRFASVYAWNRKRISNCVADYSVLYNLAPFFTFKCYGVSPTKLNDLCFTNVYADSFVIRGDEVRQIAPGQTGNIADYNYKLPDDFTGCVIAWNSNKLDSKVSGNYNYLYRLFRKSNLKPFERDISTEIYQAGNKPCNGVAGFNCYFPLRSYSFRPTYGVGHQPYRVVVLSFELLHAPATVCGPKKSTNLVKNKCVNF,223,1815,14,"{2: 1, 5: 1, 7: 1, 8: 5, 9: 31, 10: 40, 11: 115, 12: 120, 13: 124, 14: 172, 15: 161, 16: 224, 17: 193, 18: 151, 19: 123, 20: 117, 21: 71, 22: 55, 23: 40, 24: 36, 25: 18, 26: 5, 27: 8, 28: 2, 29: 1}",8.988850219715516e-10,2.412679691587982e-07,4.007560672203425e-10,2.6737895231221387e-10,3.962671689805575e-05,2.9673943302555017e-09,0.00024738479987718165,0.004979541990906,0.031178567558526993,0.045105401426553726,0.002113988623023033,0.09008640050888062,0.01834798790514469,0.40371546149253845,0.14296038448810577,7.278587872860953e-06,0.01094925869256258,0.1486135572195053,4.159233867540024e-05,0.0033097858540713787,0.0001531841407995671,0.013033108785748482,0.05926898121833801,0.0005821185768581927,0.020764537155628204,0.0008314684964716434,0.0036175360437482595,1.782726394594647e-05,3.464475230430253e-05,1.609381286016287e-07
RVQPTESIVRFPNITNLCPFDEVFNATRFASVYAWNRKRISNCVADYSVLYNFAPFFAFKCYGVSPTKLNDLCFTNVYADSFVIRGNEVSQIAPGQTGNIADYNYKLPDDFTGCVIAWNSNKLDSKVGGNYNYLYRLFRKSNLKPFERDISTEIYQAGNKPCNGVAGFNCYFPLRSYGFRPTYGVGHQPYRVVVLSFELLHAPATVCGPKKSTNLVKNKCVNF,223,1651,14,"{2: 1, 5: 1, 7: 1, 8: 5, 9: 20, 10: 34, 11: 104, 12: 115, 13: 117, 14: 170, 15: 154, 16: 215, 17: 179, 18: 135, 19: 119, 20: 101, 21: 60, 22: 41, 23: 33, 24: 22, 25: 14, 26: 4, 27: 4, 28: 1, 29: 1}",4.760725147434641e-10,1.5599951552758284e-07,2.1127122273867371e-10,1.4240461587711195e-10,3.0213504942366853e-05,1.521468950826943e-09,0.00019344428437761962,0.004321894608438015,0.027819722890853882,0.04220884293317795,0.0016225717263296247,0.08465506881475449,0.016903787851333618,0.4198620617389679,0.14518170058727264,5.428992153611034e-06,0.010719005018472672,0.148746520280838,3.4984765079570934e-05,0.00282458309084177,0.00013237784150987864,0.012038860470056534,0.05746705085039139,0.000496100983582437,0.0206849817186594,0.0006918332073837519,0.0033200043253600597,1.3133557331457268e-05,2.5602725145290606e-05,9.637743403345667e-08
RVQPTESIVRFPNITNLCPFDEVFNATRFASVYAWNRKRISNCVADYSVLYNFAPFFAFKCYGVSPTKLNDLCFTNVYADSFVIRGNEVSQIAPGQTGNIADYNYKLPDDFTGCVIAWNSNKLDSKVGGNYNYQYRLFRKSNLKPFERDISTEIYQAGNKPCNGVAGFNCYFPLRSYGFRPTYGVGHQPYRVVVLSFELLHAPATVCGPKKSTNLVKNKCVNF,223,700,14,"{5: 1, 8: 2, 9: 8, 10: 17, 11: 48, 12: 53, 13: 50, 14: 77, 15: 51, 16: 94, 17: 77, 18: 46, 19: 50, 20: 39, 21: 27, 22: 20, 23: 15, 24: 13, 25: 5, 26: 2, 27: 4, 29: 1}",3.2540772854083855e-10,1.1540613087390739e-07,1.400784349625539e-10,9.312602078370702e-11,2.4888935513445176e-05,1.1069692940068876e-09,0.00016727825277484953,0.004026967566460371,0.027538076043128967,0.04132331907749176,0.0016727474285289645,0.08784391731023788,0.016794126480817795,0.42613327503204346,0.13948161900043488,4.611059921444394e-06,0.009312502108514309,0.1520077884197235,2.6688816433306783e-05,0.002740686759352684,0.00010356572602177039,0.01111123338341713,0.05652415379881859,0.00041851025889627635,0.019165335223078728,0.0006040777079761028,0.002942766761407256,1.0509041203476954e-05,2.119738928740844e-05,7.418223901822785e-08
RVQPTESIVRFPNITNLCPFGEVFNATRFASVYAWNRKRISNCVADYSVLYNSASFSTFKCYGVSPTKLNDLCFTNVYADSFVIRGDEVRQIAPGQTGKIADYNYKLPDDFTGCVIAWNSNNLDSKVGGNYNYLYRLFRKSNLKPFERDISTEIYQAGNKPCNGVAGFNCYFPLRSYGFRPTYGVGHQPYRVVVLSFELLHAPATVCGPKKSTNLVKNKCVNF,223,662,14,"{5: 1, 8: 1, 9: 8, 10: 15, 11: 36, 12: 47, 13: 45, 14: 77, 15: 51, 16: 90, 17: 76, 18: 52, 19: 48, 20: 37, 21: 27, 22: 18, 23: 12, 24: 12, 25: 3, 26: 2, 27: 3, 29: 1}",3.88882481772157e-10,1.325789611428263e-07,1.6570890493117219e-10,1.088502551982451e-10,2.7538597350940108e-05,1.3767424977828568e-09,0.0001868068939074874,0.004336077254265547,0.029764385893940926,0.04320840165019035,0.0018502332968637347,0.08959632366895676,0.016866296529769897,0.41981419920921326,0.14155837893486023,4.695670213550329e-06,0.009433194063603878,0.14927850663661957,2.8013322662445717e-05,0.002811618149280548,0.00010914164886344224,0.011709868907928467,0.05652725696563721,0.0004533642786554992,0.018723323941230774,0.0006585241644643247,0.00301804905757308,1.1850122064060997e-05,2.379011311859358e-05,8.850262389614727e-08
RVQPTESIVRFPNITNLCPFGEVFNATRFASVYAWNRKRISNCVADYSVLYNSASFSTFKCYGVSPTKLNDLCFTNVYADSFVIRGDEVRQIAPGQTGKIADYNYKLPDDFTGCVIAWNSNNLDSKVGGNYNYLYRLFRKSNLKPFERDISTEIYQAGSTPCNGVEGFNCYFPLQSYGFQPTYGVGYQPYRVVVLSFELLHAPATVCGPKKSTNLVKNKCVNF,223,250,14,"{8: 2, 9: 4, 10: 4, 11: 44, 12: 17, 13: 10, 14: 28, 15: 25, 16: 32, 17: 15, 18: 19, 19: 8, 20: 21, 21: 8, 22: 6, 23: 2, 24: 3, 25: 1, 27: 1}",1.1191585852499131e-10,4.206700410236408e-08,3.448183058529786e-11,2.1153554602415525e-11,1.210588015965186e-05,6.483895642617199e-10,0.00011122947034891695,0.003598784562200308,0.035299114882946014,0.04092239588499069,0.00424375431612134,0.13310253620147705,0.01949126273393631,0.4103612005710602,0.10357706993818283,2.8773624762834515e-06,0.0032948616426438093,0.17060424387454987,5.342503300198587e-06,0.0035526384599506855,2.643783955136314e-05,0.007615133188664913,0.052126772701740265,0.00019089292618446052,0.009948515333235264,0.00038057222263887525,0.0015154620632529259,4.847505806537811e-06,1.1820970939879771e-05,4.562778244121546e-08
RVQPTESIVRFPNITNLCPFGEVFNATRFASVYAWNRKRISNCVADYSVLYNSASFSTFKCYGVSPTKLNDLCFTNVYADSFVIRGDEVRQIAPGQTGKIADYNYKLPDDFTGCVIAWNSNNLDSKVGGNYNYLYRLFRKSNLKPFERDISTEIYQAGSTPCNGVEGFNCYFPLQSYGFQPTNGVGYQPYRVVVLSFELLHAPATVCGPKKSTNLVKNKCVNF,223,4043,14,"{2: 1, 5: 1, 7: 11, 8: 18, 9: 75, 10: 80, 11: 374, 12: 305, 13: 329, 14: 365, 15: 371, 16: 482, 17: 349, 18: 296, 19: 202, 20: 271, 21: 175, 22: 132, 23: 88, 24: 47, 25: 36, 26: 14, 27: 14, 28: 4, 29: 2, 30: 1}",2.8417130870650453e-09,4.90258628360607e-07,1.238772528999732e-09,7.830220360993678e-10,5.9569494624156505e-05,1.1157983870191401e-08,0.00037027051439508796,0.006397079210728407,0.04104985296726227,0.05117885023355484,0.004491651896387339,0.11267850548028946,0.02313467115163803,0.36551225185394287,0.12615422904491425,1.3074019079795107e-05,0.009085919708013535,0.1541886180639267,4.270134013495408e-05,0.00496137049049139,0.00015449259080924094,0.013839916326105595,0.06250177323818207,0.0006644083186984062,0.01858449913561344,0.0010918470798060298,0.003757257480174303,2.8420168746379204e-05,5.784006862086244e-05,4.3015688788727857e-07
RVQPTESIVRFPNITNLCPFDEVFNATRFASVYAWNRKRISNCVADYSVLYNFAPFFAFKCYGVSPTKLNDLCFTNVYADSFVIRGNEVSQIAPGQTGNIADYNYKLPDDFTGCVIAWNSNNLDSKVGGNYNYRYRLFRKSNLKPFERDISTEIYQAGNKPCNGVAGVNCYFPLQSYGFRPTYGVGHQPYRVVVLSFELLHAPATVCGPKKSTNLVKNKCVNF,223,1148,14,"{5: 1, 7: 1, 8: 3, 9: 10, 10: 16, 11: 89, 12: 85, 13: 90, 14: 122, 15: 122, 16: 132, 17: 119, 18: 86, 19: 76, 20: 71, 21: 43, 22: 24, 23: 25, 24: 14, 25: 10, 26: 4, 27: 4, 29: 1}",3.64944241493248e-10,1.2402952620504948e-07,1.5226406246959812e-10,1.0049173992943139e-10,2.6130452170036733e-05,1.2903992319124313e-09,0.00017897464567795396,0.004245189484208822,0.029481632634997368,0.042686522006988525,0.0018867200706154108,0.09102761000394821,0.016992080956697464,0.42236393690109253,0.1386847198009491,4.657627869164571e-06,0.008949550800025463,0.15060913562774658,2.6031113520730287e-05,0.002849720884114504,0.00010257331450702623,0.011317149735987186,0.05616459622979164,0.0004315068945288658,0.018363384529948235,0.0006327165756374598,0.0029412719886749983,1.1162961527588777e-05,2.2805255866842344e-05,8.380931149076787e-08
SQCVNLITRTQSYTNSFTRGVYYPDKVFRSSVLHSTQDLFLPFFSNVTWFHAISGTNGTKRFDNPVLPFNDGVYFASTEKSNIIRGWIFGTTLDSKTQSLLIVNNATNVVIKVCEFQFCNDPFLDVYYHKNNKSWMESEFRVYSSANNCTFEYVSQPFLMDLEGKQGNFKNLREFVFKNIDGYFKIYSKHTPINLGRDLPQGFSALEPLVDLPIGINITRFQTLLALHRSYLTPGDSSSGWTAGAAAYYVGYLQPRTFLLKYNENGTITDAVDCALDPLSETKCTLK,287,5,14,"{14: 2, 17: 1, 18: 1, 20: 1}",2.8476584978953667e-10,1.5172408041053131e-07,7.653778305583003e-11,6.540906705154725e-11,1.4667953109892551e-05,1.0054294896644222e-10,0.00016318642883561552,0.0013989206636324525,0.005200216546654701,0.010145184583961964,2.3914228222565725e-05,0.007947833277285099,0.004573254380375147,0.41453614830970764,0.30691418051719666,1.3477351785695646e-06,0.0630660429596901,0.04803016409277916,0.00044339365558698773,0.0009295069612562656,0.005429151933640242,0.015349485911428928,0.01666191592812538,0.002117674332112074,0.056364089250564575,0.0007261288119480014,0.03992671146988869,1.747919486660976e-05,1.9267501556896605e-05,2.073459270945932e-08
RVQPTESIVRFPNITNLCPFDEVFNATRFASVYAWNRKRISNCVADYSVLYNFAPFFAFKCYGVSPTKLNDLCFTNVYADSFVIRGNEVSQIAPGQTGNIADYNYKLPDDFTGCVIAWNSNKLDSKVGGNYNYMYRLFRKSNLKPFERDISTEIYQAGNKPCNGVAGFNCYFPLRSYGFRPTYGVGHQPYRVVVLSFELLHAPATVCGPKKSTNLVKNKCVNF,223,660,14,"{5: 1, 8: 1, 9: 7, 10: 14, 11: 37, 12: 46, 13: 49, 14: 77, 15: 51, 16: 90, 17: 76, 18: 50, 19: 47, 20: 37, 21: 26, 22: 20, 23: 12, 24: 10, 25: 3, 26: 2, 27: 3, 29: 1}",2.720265401823241e-10,1.0275058315301067e-07,1.180524983324105e-10,7.888598801963909e-11,2.3137390599003993e-05,8.951447361127407e-10,0.00015526001516263932,0.0038441885262727737,0.02616320736706257,0.04022841155529022,0.0014769280096516013,0.08473064005374908,0.016285570338368416,0.43148744106292725,0.1414216160774231,4.264345534465974e-06,0.009529388509690762,0.15157514810562134,2.636341923789587e-05,0.0025900444015860558,0.00010307894262950867,0.010918809100985527,0.05595535412430763,0.00040576476021669805,0.019546357914805412,0.0005741816712543368,0.0029255084227770567,9.715668056742288e-06,1.946768315974623e-05,6.326297352643451e-08
RVQPTESIVRFPNITNLCPFDEVFNATRFASVYAWNRKRISNCVADYSVLYNFAPFFAFKCYGVSPTKLNDLCFTNVYADSFVIRGNEVRQIAPGQTGKIADYNYKLPDDFTGCVIAWNSNNLDSKVGGNYNYLYRLFRKSNLKPFERDISTEIYQAGSKPCNGVAGFNCYFPLRSYGFRPTYGVGHQPYRVVVLSFELLHAPATVCGPKKSTNLVKNKCVNF,223,7,14,"{11: 3, 13: 2, 18: 1, 20: 1}",6.383274464560884e-11,3.350090693743368e-08,2.2010747391387753e-11,1.3737975167182892e-11,1.147731836681487e-05,2.9056695938223243e-10,0.0001005570957204327,0.003269897075369954,0.029546203091740608,0.03982068970799446,0.0018713976023718715,0.10003967583179474,0.014635221101343632,0.4497869610786438,0.1264181137084961,1.8136252037947997e-06,0.00530580896884203,0.15294958651065826,8.850522135617211e-06,0.0022022374905645847,3.978276436100714e-05,0.008497688919305801,0.05020062252879143,0.00023495874484069645,0.012858432717621326,0.0003722527762874961,0.0018131081014871597,4.484054443310015e-06,1.0245805242448114e-05,2.562555323493143e-08
RVQPTESIVRFPNITNLCPFHEVFNATTFASVYAWNRKRISNCVADYSVLYNFAPFFAFKCYGVSPTKLNDLCFTNVYADSFVIRGNEVSQIAPGQTGNIADYNYKLPDDFTGCVIAWNSNKLDSKVSGNYNYLYRLFRKSKLKPFERDISTEIYQAGNKPCNGVAGSNCYFPLQSYGFRPTYGVGHQPYRVVVLSFELLHAPATVCGPKKSTNLVKNKCVNF,223,1346,14,"{5: 1, 8: 3, 9: 12, 10: 13, 11: 66, 12: 76, 13: 98, 14: 146, 15: 136, 16: 178, 17: 153, 18: 119, 19: 101, 20: 86, 21: 51, 22: 36, 23: 30, 24: 19, 25: 13, 26: 4, 27: 4, 28: 1}",5.252027701629913e-10,1.7003465302423137e-07,2.357824768761674e-10,1.6122238266635947e-10,3.182193177053705e-05,1.5637874328788826e-09,0.0001990576711250469,0.004356618504971266,0.0270516537129879,0.041770804673433304,0.001462186104618013,0.08089569956064224,0.01669207774102688,0.42046916484832764,0.14953535795211792,5.656214398186421e-06,0.011633994989097118,0.14670321345329285,3.979312168667093e-05,0.002795928157866001,0.0001523624814581126,0.012377583421766758,0.057163793593645096,0.0005334863089956343,0.021789757534861565,0.0007210703915916383,0.0035774658899754286,1.413547397532966e-05,2.701959601836279e-05,1.0004136186125834e-07
RVQPTESIVRFPNITNLCPFDEVFNATRFASVYAWNRKRISNCVADYSVLYNFAPFFAFKCYGVSPTKLNDLCFTNVYADSFVIRGNEVSQIAPGQTGXIADYNYKLPDDFTGCVIAWNSNXLDSKVGGNYNYRYRLFRKSNLKPFERDISTEIYQAGNKPCNGVAGFNCYFPLRSYGFRPTYGVGHQPYRVVVLSFELLHAPATVCGPKKSTNLVKNKCVNF,223,3,14,"{11: 1, 20: 1, 22: 1}",7.919657984967188e-11,3.9816150376736914e-08,2.866412315838396e-11,1.827749063210149e-11,1.2787401828973088e-05,3.309350293800861e-10,0.00010574990301392972,0.0032982914708554745,0.028039464727044106,0.039385415613651276,0.0016898835310712457,0.0952407494187355,0.014782475307583809,0.4495104253292084,0.13018667697906494,2.0989762106182752e-06,0.006038849242031574,0.1526780128479004,1.102492205973249e-05,0.002222187351435423,4.823259587283246e-05,0.00885605625808239,0.05109620839357376,0.00025860840105451643,0.014139105565845966,0.0003965419309679419,0.0019848295487463474,5.02981174577144e-06,1.1182008165633306e-05,2.855427183590109e-08
RVQPTESIVRFPNITNLCPFDEVFNATRFASVYAWNRKRISNCVADYSVLYNFAPFFAFKCYGVSPTKLNDLCFTNVYADSFVIRGNEVSQIAPGQTGNIADYNYKLPDDFTGCVIAWNSNNLDSKVGGNYNYLYRLFRKSNLKPFERDISTEIYQAGNKPCNGVAGFNCYFPLRSYGFRPTYGVGHQPYRVVVLSFELLHAPATVCGPKKSTNLVKNKCVNF,223,3,14,"{11: 1, 20: 1, 22: 1}",5.352679965930918e-10,1.7141110220109113e-07,2.3827878559146143e-10,1.6136102176655953e-10,3.216546610929072e-05,1.6737473629291344e-09,0.00020356768800411373,0.004445366561412811,0.028097612783312798,0.042624298483133316,0.0016031158156692982,0.0835198312997818,0.016855686902999878,0.41802194714546204,0.14768476784229279,5.630581654259004e-06,0.011206313036382198,0.14699049293994904,3.8079917430877686e-05,0.002842053072527051,0.00014422560343518853,0.012402293272316456,0.05741898715496063,0.0005276670563034713,0.021101610735058784,0.000726285798009485,0.003466150024905801,1.4156334145809524e-05,2.733455585257616e-05,1.0470319011801621e-07
RVQPTESIVRFPNITNLCPFDEVFNATTFASVYAWNRKRISNCVADYSVLYNFAPFFAFKCYGVSPTKLNDLCFTNVYADSFVIRGNEVSQIAPGQTGNIADYNYKLPDDFTGCVIAWNSNKLDSKVGGNYNYRYRLFRKSNLKPFERDISTEIYQAGNKPCNGVAGVNCYFPLQSYGFRPTYGVGHQPYRVVVLSFELLHAPATVCGPKKSTNLVKNKCVNF,223,16,14,"{10: 1, 11: 5, 12: 1, 13: 2, 14: 2, 15: 1, 16: 2, 20: 1, 22: 1}",2.7604149521742727e-10,1.0041780029723668e-07,1.1371997787890109e-10,7.476253643945441e-11,2.2767437258153223e-05,9.98091276294133e-10,0.00015991684631444514,0.003990906290709972,0.028597891330718994,0.041629016399383545,0.0018224157392978668,0.09154926985502243,0.016729317605495453,0.42776772379875183,0.13615773618221283,4.146673290961189e-06,0.008366050198674202,0.15251241624355316,2.236417458334472e-05,0.0027400990948081017,8.908210293157026e-05,0.010719106532633305,0.05564016103744507,0.0003867032646667212,0.017754962667822838,0.0005735480808652937,0.0027349272277206182,9.545333341520745e-06,1.976698149519507e-05,6.801473517725753e-08
RVQPTESIVRFPNITNLCPFDEVFNATSFASVYAWNRKRISNCVADYSVLYNFAPFFAFKCYGVSPTKLNDLCFTNVYADSFVIRGNEVXQIAPGQTGNIADYNYKLPDDFTGCVIAWNSNKLDSKVGGNYNYRYRLFRKSNLKPFERDISTEIYQAGNKPCNGVAGVNCYFPLQSYGFRPTYGVGHQPYRVVVLSFELLHAPATVCGPKKSTNLVKNKCVNF,223,15,14,"{10: 1, 11: 5, 12: 1, 13: 2, 14: 2, 16: 2, 20: 1, 22: 1}",2.2325124388045126e-11,1.4259105896030633e-08,6.784019093014626e-12,4.084330096354449e-12,6.398056029865984e-06,1.2102918667267204e-10,6.566727824974805e-05,0.002662915736436844,0.02890198677778244,0.03697192296385765,0.002127939835190773,0.11226198822259903,0.014493243768811226,0.45978933572769165,0.11147922277450562,1.1588294910325203e-06,0.0033521901350468397,0.16080603003501892,3.8427765503001865e-06,0.0021093462128192186,1.9243867427576333e-05,0.006557132583111525,0.046856772154569626,0.0001422471832484007,0.00987024325877428,0.00025011770776472986,0.0012627209071069956,2.3763445824442897e-06,5.960511771263555e-06,1.2520508185787094e-08
RVQPTESIVRFPNITNLCPFDEVFNATIFASVYAWNRKRISNCVADYSVLYNFAPFFAFKCYGVSPTKLNDLCFTNVYADSFVIRGNEVSQIAPGQTGNIADYNYKLPDDFTGCVIAWNSNKLDSKVGGNYNYRYRLFRKSNLKPFERDISTEIYQAGNKPCNGVAGVNCYFPLQSYGFRPTYGVGHQPYRVVVLSFELLHAPATVCGPKKSTNLVKNKCVNF,223,15,14,"{10: 1, 11: 5, 12: 1, 13: 2, 14: 2, 16: 2, 20: 1, 22: 1}",1.6512063938378674e-10,6.784359385392236e-08,6.284162773484425e-11,4.046532553481086e-11,1.7826061593950726e-05,6.616192038677582e-10,0.00013697617396246642,0.0037595557514578104,0.02961151674389839,0.04137600585818291,0.0019366234773769975,0.09623564034700394,0.01600116863846779,0.43484365940093994,0.13191206753253937,3.0677326776640257e-06,0.006921535823494196,0.15256501734256744,1.559367956360802e-05,0.002562663983553648,6.488648796221241e-05,0.009848273359239101,0.05356742441654205,0.0003227070264983922,0.015459008514881134,0.0004926904803141952,0.002323029562830925,7.272401035152143e-06,1.5714034816483036e-05,4.899670358327057e-08
