position_1based,residue,token,importance
1,R,R,0.07764824479818344
2,V,V,0.03669058904051781
3,Q,Q,0.05039601027965546
4,P,P,0.09353142976760864
5,T,T,0.0543871633708477
6,E,E,0.11009842157363892
7,S,S,0.07519915699958801
8,I,I,0.17745241522789001
9,V,V,0.09922418743371964
10,R,R,0.11303889006376266
11,F,F,0.21923668682575226
12,P,P,0.20870336890220642
13,N,N,0.247237429022789
14,I,I,0.25751927495002747
15,T,T,0.14949865639209747
16,N,N,0.26353180408477783
17,L,L,0.32174769043922424
18,C,C,0.7620289325714111
19,P,P,0.33378148078918457
20,F,F,0.3129898011684418
21,G,G,0.3080182373523712
22,E,E,0.2859303653240204
23,V,V,0.2069156914949417
24,F,F,0.3802255690097809
25,N,N,0.1880972683429718
26,A,A,0.24337023496627808
27,T,T,0.13443857431411743
28,R,R,0.21219006180763245
29,F,F,0.3212072253227234
30,A,A,0.1952897608280182
31,S,S,0.1501181721687317
32,V,V,0.14454680681228638
33,Y,Y,0.37371397018432617
34,A,A,0.13042224943637848
35,W,W,0.33430662751197815
36,N,N,0.19907088577747345
37,R,R,0.16137108206748962
38,K,K,0.12849561870098114
39,R,R,0.20052111148834229
40,I,I,0.20094284415245056
41,S,S,0.15067578852176666
42,N,N,0.1182236596941948
43,C,C,0.485124409198761
44,V,V,0.0847519263625145
45,A,A,0.07123564183712006
46,D,D,0.12738731503486633
47,Y,Y,0.3925227224826813
48,S,S,0.09460435062646866
49,V,V,0.08613356202840805
50,L,L,0.056452732533216476
51,Y,Y,0.09990283101797104
52,N,N,0.07388270646333694
53,S,S,0.058661580085754395
54,A,A,0.0456031933426857
55,S,S,0.023742053657770157
56,F,F,0.11804696917533875
57,S,S,0.09904894232749939
58,T,T,0.1012449860572815
59,F,F,0.18790578842163086
60,K,K,0.08158480376005173
61,C,C,0.4316983222961426
62,Y,Y,0.1787164956331253
63,G,G,0.17591530084609985
64,V,V,0.07157920300960541
65,S,S,0.09708002209663391
66,P,P,0.2635759711265564
67,T,T,0.08645238727331161
68,K,K,0.0655139833688736
69,L,L,0.13106995820999146
70,N,N,0.03455794230103493
71,D,D,0.16854067146778107
72,L,L,0.07023757696151733
73,C,C,0.31024399399757385
74,F,F,0.10479129105806351
75,T,T,0.10093868523836136
76,N,N,0.042905863374471664
77,V,V,0.08240673691034317
78,Y,Y,0.09407375752925873
79,A,A,0.03999150171875954
80,D,D,0.06881530582904816
81,S,S,0.04209642857313156
82,F,F,0.11678268760442734
83,V,V,0.054207392036914825
84,I,I,0.05492706596851349
85,R,R,0.07894112914800644
86,G,G,0.11350995302200317
87,D,D,0.18404486775398254
88,E,E,0.04030733183026314
89,V,V,0.06325254589319229
90,R,R,0.10380467772483826
91,Q,Q,0.03001226671040058
92,I,I,0.08822789788246155
93,A,A,0.041624121367931366
94,P,P,0.10494814813137054
95,G,G,0.11168494820594788
96,Q,Q,0.07720129936933517
97,T,T,0.048479001969099045
98,G,G,0.06470780819654465
99,K,K,0.06978568434715271
100,I,I,0.02032998763024807
101,A,A,0.05172058194875717
102,D,D,0.1052192896604538
103,Y,Y,0.12292442470788956
104,N,N,0.040000610053539276
105,Y,Y,0.15789289772510529
106,K,K,0.09692592173814774
107,L,L,0.07700378447771072
108,P,P,0.1213558167219162
109,D,D,0.1371256560087204
110,D,D,0.28008854389190674
111,F,F,0.3530164062976837
112,T,T,0.1214904934167862
113,G,G,0.22360645234584808
114,C,C,0.513809323310852
115,V,V,0.1235322430729866
116,I,I,0.13610853254795074
117,A,A,0.34365570545196533
118,W,W,0.3290240466594696
119,N,N,0.08079351484775543
120,S,S,0.08026550710201263
121,N,N,0.03564038127660751
122,N,N,0.10041935741901398
123,L,L,0.07603618502616882
124,D,D,0.089054174721241
125,S,S,0.03305680304765701
126,K,K,0.08282200992107391
127,V,V,0.1579597443342209
128,G,G,0.15303044021129608
129,G,G,0.25853368639945984
130,N,N,0.10979705303907394
131,Y,Y,0.09740616381168365
132,N,N,0.1247832179069519
133,Y,Y,0.1418396532535553
134,L,L,0.2634376585483551
135,Y,Y,0.2018411010503769
136,R,R,0.16474321484565735
137,L,L,0.1408589780330658
138,F,F,0.35103437304496765
139,R,R,0.14176204800605774
140,K,K,0.11889917403459549
141,S,S,0.18061921000480652
142,N,N,0.18306861817836761
143,L,L,0.22056880593299866
144,K,K,0.08230293542146683
145,P,P,0.11436016112565994
146,F,F,0.14456450939178467
147,E,E,0.06889046728610992
148,R,R,0.1219589039683342
149,D,D,0.09800324589014053
150,I,I,0.04898752272129059
151,S,S,0.020520875230431557
152,T,T,0.03630554676055908
153,E,E,0.03205505758523941
154,I,I,0.06630286574363708
155,Y,Y,0.059336107224226
156,Q,Q,0.06010626628994942
157,A,A,0.0476265475153923
158,G,G,0.03660902753472328
159,S,S,0.033966802060604095
160,T,T,0.06266531348228455
161,P,P,0.1458040475845337
162,C,C,0.5943977236747742
163,N,N,0.10301963984966278
164,G,G,0.17816363275051117
165,V,V,0.17731104791164398
166,E,E,0.19103802740573883
167,G,G,0.1854492723941803
168,F,F,0.5150614976882935
169,N,N,0.26509472727775574
170,C,C,0.8309289813041687
171,Y,Y,0.23763757944107056
172,F,F,0.3415599465370178
173,P,P,0.5691955089569092
174,L,L,0.15302075445652008
175,Q,Q,0.1705561727285385
176,S,S,0.1242089793086052
177,Y,Y,0.16998092830181122
178,G,G,0.1370401382446289
179,F,F,0.21268019080162048
180,Q,Q,0.1991739422082901
181,P,P,0.23691481351852417
182,T,T,0.14780782163143158
183,N,N,0.11944577842950821
184,G,G,0.21414056420326233
185,V,V,0.04937316104769707
186,G,G,0.23836524784564972
187,Y,Y,0.12677626311779022
188,Q,Q,0.1276407241821289
189,P,P,0.1850883513689041
190,Y,Y,0.14446723461151123
191,R,R,0.10834897309541702
192,V,V,0.09839916974306107
193,V,V,0.04689028486609459
194,V,V,0.07612063735723495
195,L,L,0.08142712712287903
196,S,S,0.0739465281367302
197,F,F,0.19458132982254028
198,E,E,0.07685146480798721
199,L,L,0.044183533638715744
200,L,L,0.04521520063281059
201,H,H,0.09977631270885468
202,A,A,0.044525615870952606
203,P,P,0.05550836771726608
204,A,A,0.0683850347995758
205,T,T,0.021319041028618813
206,V,V,0.0
207,C,C,0.24002709984779358
208,G,G,0.05024130269885063
209,P,P,0.08234044164419174
210,K,K,0.012335734441876411
211,K,K,0.03209919109940529
212,S,S,0.016792137175798416
213,T,T,0.02030489593744278
214,N,N,0.01571185514330864
215,L,L,0.029683031141757965
216,V,V,0.0479416586458683
217,K,K,0.039988551288843155
218,N,N,0.0810687318444252
219,K,K,0.07504202425479889
220,C,C,0.2642376124858856
221,V,V,0.05663318559527397
222,N,N,0.03948977217078209
223,F,F,0.14086897671222687
