cdrh3,min_levenshtein_distance,binding_score
ASVYGGVYLGSYGYAFDS,8,0.8736498951911926
ARGGLDTVSAIY,5,0.9480466842651368
AREGNYDDGGYLYFIDY,7,0.9466169476509094
ARDRFYYRIFNFNSFDR,8,0.9566860795021056
ARASHGLSFYPYYCDYFDV,8,0.7520023584365845
VRTDPPKKVRDFDW,8,0.9669876098632812
ARAGWSPVDVVMDH,6,0.9748035073280334
AKSRYSIASCYDSKHLYEY,10,0.9332302808761596
AREGNIYDFTYLDNNPFDS,9,0.9394631385803224
ARGSDKAYRSSFDVPGDP,9,0.978120744228363
ARVECGYYYGGSDGRDF,8,0.9881594181060792
ARGLGYQDYWASYETDP,7,0.9828364253044128
AKPNRVGGGNVWYYYEP,8,0.9430131316184998
ARDMQVLLFDL,5,0.9895880222320556
ARDYSVYDSDYCDSGLYAS,9,0.9146462082862854
ARDLSRNYFTV,5,0.9656725525856018
AKDFDTETSLFEP,7,0.99868243932724
AAQVRQYVNGAPSDGWQYCDP,11,0.942641258239746
AKELFSYYDDNRVLDY,8,0.966459095478058
AREFYSADTYGLLFGFDY,8,0.9734208583831788
ARDVPSWGAVYARCGLDS,8,0.9783313274383544
ARDEVWPTQWTLYDDDV,8,0.995503842830658
ARVLQYSSADE,6,0.9934125542640686
LKAALFPGVSGWCGY,9,0.9959948062896729
AKVLGYGTSISSEYFDN,7,0.9456815719604492
AKPGIGAVGLGLFPAFGR,9,0.987694501876831
SRHPGFGEYYADLHS,8,0.9881364107131958
AEDEKQDDTGSPGAMDS,9,0.980113923549652
ATDPGIFGAYGIDY,6,0.9833941459655762
ARGRQRDNRGYLFDY,6,0.9641572833061218
ARELPYYYSPSGVYFPV,8,0.9636196494102478
ARASPEYAFFF,5,0.9527327418327332
ARRRGGSVDYYGGSHDI,7,0.908596396446228
ARLASYSSADGCDSDPIHF,10,0.9869296550750732
AKDCGLLQDSLDPYYQP,8,0.9419132471084596
ATDSPCSIDAYYGWVGDWV,10,0.6662145256996155
ARGIGAYGGRAGLYV,7,0.8090690970420837
ARAMFEYSSGAKDGFQR,8,0.9978142976760864
ATEQSPYGPFSIDGFDV,8,0.9925731420516968
AKDGQGSGDYGDCYFDY,5,0.9634381532669068
ARGGYRYYVGPSYWMHD,9,0.786607563495636
ARGFSVSRDFSANFH,8,0.9843690395355223
AKGYCSGCTYDDAFDI,6,0.9732868075370787
AVDNYFRDPLYYDN,7,0.951134979724884
AREVGDPGSGEVTYWRY,7,0.9731817841529846
TRDQAESGDTYWYYY,7,0.9721431732177734
ARPQVSHRWYDPDI,7,0.9963047504425048
ARLQYYYDTTFPY,5,0.9908614158630372
AKERDPVHHLSDVGLDG,9,0.9723849892616272
ARRADFSYLGPFFY,7,0.985361397266388
ARERRPNSSGDYEPSDYVL,9,0.7342467308044434
AKDALRYDTDG,5,0.99502831697464
AKQLYGEATKAPNDFNY,8,0.9756594896316528
ATELWFPNYFDVDY,7,0.9879844188690186
ARYMNLGDTFFDE,5,0.9920348525047302
ALLPGMASIRSTVLFDI,9,0.954675018787384
VRGEGEDYGGNFYDVDP,8,0.7927817702293396
ARDRDSVTDSYYLMDY,7,0.9397096633911132
KRPGYPYDYDDFDG,7,0.978709042072296
ARLLSIYIHFFVHDWLDL,10,0.9150618314743042
ARTVDGSHDYGEDY,5,0.9832667112350464
ARGLYYSGYYDD,5,0.966292440891266
AREVFYDMSIVTS,6,0.9829403758049012
ATGGGLCTLSGFNI,7,0.99791818857193
SRLGPYRGAYAD,6,0.9908762574195862
ARDRQYSDDPNVEYNYMRS,9,0.8596799373626709
ARDRYLTWDLYDNYDN,8,0.9714730978012084
ARGETQMYCTLDDGAFGY,9,0.9810242652893066
ARDNIQYASHHEMKRY,9,0.947261393070221
ARDIDPRVFFS,5,0.9797460436820984
AKLSLSSYAYGDS,6,0.9936153888702391
ASALLLPGLQYESYHFDY,9,0.9909907579421996
ARVFGRSDGSYESYHDF,8,0.9927358627319336
ARSNGGGFNSFILY,6,0.9451191425323486
AKALRPSRGWDYEYFDV,8,0.9775534272193908
ARRTGVVPVWDYDA,6,0.991344690322876
ARGYSSDRFVSTFYA,8,0.8252671360969543
ARRRVVMGGTDT,5,0.9955806136131288
ATASNYSIGSDLYFDL,7,0.9362042546272278
ARDFPGHYMVF,5,0.9514809250831604
ATDDAVLVGCGLRFDY,7,0.9124736189842224
TSSYCGGQACVYYFDM,9,0.88838130235672
ATDGFAGWTRVMFAFDY,8,0.9577840566635132
AKGTTPPYGMLAYVDS,8,0.9680716395378112
ATDEVLFDWPL,6,0.9970644116401672
ATDDPDYMVSWDLGFYY,9,0.9043914675712584
VAGTATRGEDSIYFDY,8,0.8527477383613586
VVQIYGTGDGVDNYYDYGF,11,0.845458447933197
SAEVYHYYDSSYYGYLK,9,0.84424889087677
ARTAVGRTIFPYQY,7,0.9949309229850768
ARGEDIYGDGSAFDR,6,0.9769461750984192
ALVRSYHRFSYGATTAY,9,0.9911818504333496
AKDGGSSRAGGVYDS,7,0.989310383796692
ARDAPADVGDVPY,6,0.9919438362121582
ARPQDKSSFTGIS,7,0.9908567667007446
ARLSGCLYWWYYGSYVNHI,11,0.9926437735557556
AQSLGGYYGRDY,5,0.9846560955047609
AREQFIRGSYDYDMYADI,8,0.9799802899360656
ARQSGQYRGLV,5,0.8943365812301636
AREVGWHEGYDYR,5,0.9721800088882446
ARDLGEVGNSYDY,4,0.955508828163147
ARVGRPLFEWL,6,0.9704435467720032
ARALEYGSKFAGYLYYSYF,10,0.9334598779678344
ARQIANYMTGY,6,0.9674625992774964
ARNIYGSYPYSWYYFDP,7,0.6825454235076904
ARDEPSGPPSSRYDYQY,7,0.9521519541740416
ARDESYYYGVL,5,0.9752846956253052
AKDMRWKIDYRYARY,8,0.9486801028251648
ARDNSASSPMLDAGAMDE,8,0.9911444783210754
ARDGYHPSCYSEYIPYPWF,9,0.9574330449104308
ARVLMGFYDSVFY,6,0.9939497709274292
WTIWRLEVWFFFSLSMDI,11,0.9806366562843324
ARDDGAYAGYV,4,0.9341449737548828
ARPFSYGTGYSVFLDI,7,0.8307317495346069
ARHLASTAIYGEFFDY,7,0.8653520941734314
ARDYGTSAMYVDV,5,0.9958668947219848
ARDEWSIGRDGRTTDL,8,0.9975778460502625
AREGVSIDYDDFDD,6,0.8953097462654114
ARAPDSSTYYFD,4,0.9208822250366212
VKERRAHVSGLFPYLDYHY,10,0.7596818804740906
VRALAWPIIIIAVYMDY,10,0.8631135821342468
ARDRGTSDDMVGSMDV,7,0.9979776740074158
ARDYGLFGEMSTGFTY,6,0.9990572333335876
ARGGPGDYYEGTNDL,6,0.9936356544494628
ANRRDGSGRSGDGDS,6,0.9235702157020568
ARGLWPCETDGYNGFGI,8,0.9993438124656676
ARDVNNYYQIGGDI,6,0.979042112827301
ARQQPKYGAAGTTCPLI,10,0.9709484577178956
VKGYSCDHDYSSGEYGMVF,11,0.7651160359382629
ARDLSYWNSSTQYALDYYY,10,0.6204780340194702
AGGLTLGSYGVIIGFDT,9,0.9793060421943665
AKDGKMYYSISDNSLYLDL,10,0.9566415548324584
ARERGYSSTVADNDV,5,0.9946626424789428
ARDDGLPEYTPH,6,0.9966089725494384
ACHYGSDSLTP,7,0.90412837266922
ARDYDGGISDY,3,0.9750534296035768
VRDLGYPGQDLDCMTEVIDN,11,0.9926642775535583
ARDDSAPTMAGPYLRV,8,0.7978901267051697
ARSTGGPDGVRGYSSY,8,0.9931825995445251
VKSSGCLPRFY,6,0.9539983868598938
IRDLGGPTFEYDYSDY,7,0.995050609111786
ARGPVSDADYWRDY,6,0.9884024262428284
ARRLGSGWGYIYD,6,0.9024437665939332
ARTGVYRGAYSYYY,7,0.9753029346466064
TRGQSEAIFNW,6,0.970259130001068
VRGGEGYTGCDSGFDM,7,0.9989117383956908
ARLYELPVLAQ,6,0.9709125757217408
ARFGAYGGFFFIS,6,0.938835382461548
AKTLRSVHYLRFDV,7,0.8849323987960815
ARLIGAASYDPWDTDWWDV,10,0.9940762519836426
ARAPPYYYLSY,5,0.9505432844161988
AKEFTAAGIDYAYTGE,10,0.8176073431968689
VKCRGYGLNNYYISY,7,0.8748158812522888
ARDITEGGNDYYLLDP,6,0.9355506896972656
ARDLTFGGSDEAFY,6,0.9995335340499878
VKADGYGYLRLKWNMDY,9,0.6702223420143127
ATGYYTYGSFDFSYEFDH,9,0.882756769657135
ARGDVEPSAVRYRY,7,0.9438251256942748
AHDDEGDTSSLVAAYGY,9,0.4620300233364105
TSPRRTGWSGSGDK,7,0.9811025261878968
ARDHIVAPDDY,4,0.9895287156105042
ARDHAIWGYTVDAYFDG,7,0.68332839012146
ARARAFPDPRAYGYFDY,8,0.9922933578491212
ARGAVGTYDRSWEV,6,0.9626295566558838
AHDRTSIVAMYGES,8,0.99314683675766
AKDYCGGSGSHHGFDI,6,0.994802474975586
AKSSAIWWGVWFQL,8,0.94312846660614
ARGQVESDTYSPD,7,0.9638391137123108
AKWSVYPGHRQTMYIAPGM,11,0.9840980172157288
AREGGHDILYGDI,6,0.97158682346344
AREDGLTTFGVWVWGLT,9,0.9631162881851196
ARSPSPQITKYE,7,0.9580479860305786
ARGRYRYETFQYY,6,0.9874558448791504
AKGPYAESNHAYEYLDY,8,0.9085589051246644
ARDPYTRDRDYHYCSY,8,0.9765114188194276
AKEGGYGIDWWYDG,6,0.8867512345314026
ARDNLFSQNGHCDP,6,0.990204095840454
PSSLGLYSYYVLLD,7,0.9923553466796876
ARSGEDGVGFDG,5,0.9008983969688416
AKGLGTSYDGSYTYFEN,7,0.9314950704574584
ARDHPASRGIGWYTEY,7,0.9891486763954164
ARSAGSTVVMI,6,0.9344205260276794
ARRLELGGGVDVDLYFDS,8,0.6404625177383423
AKEYGYSSGDYSDYDG,7,0.8899247050285339
ARDEYDTYNDYDTFFY,7,0.5637799501419067
ARVTRYPSPGYYGYHDPDN,9,0.9543800354003906
ARAIGMSQVVSTTAGLY,9,0.951939582824707
ARTFCISGRLM,6,0.956329107284546
ARLTPLGDGYDLYFWFSV,9,0.934430718421936
VRDDFGSSIDDFAYYFDV,8,0.7525455951690674
AKEYGGEPTYDKEGYFHGM,11,0.8190894722938538
ARDRVQPDFYRLFDFDS,8,0.9785161018371582
ARGGGIDYWYADYYYFDV,8,0.7172014117240906
AKDLYCPYPLSCYRFNL,9,0.9684680700302124
TRLPASLNADV,6,0.994789719581604
AKGEGSFMADFCG,7,0.9963712692260742
SRDRGLSPAMYPY,7,0.99554044008255
ARVMIPRYSGYEPPSNF,9,0.987968683242798
ARGKLGGDFGDGWYSPY,7,0.9276736974716188
ARSWGRSTPDRMDY,6,0.9841028451919556
AKIPLDMYYRSGLDFDY,8,0.985554814338684
ARAGGNYSSDT,5,0.9572383761405944
ARDDIGETPYV,5,0.9656990766525269
AKDRGAFDSTRDGYPLYEF,10,0.9170409440994264
ARRGRALYTLDP,5,0.973803162574768
ARLGWDYDLGY,5,0.986025869846344
ARGELGGVYLMED,5,0.991308569908142
ARVRRFGAFGVTCEFDL,8,0.7786325812339783
ARGVGFMEYPAIYAFDY,7,0.978217601776123
ARIPGRCESMSDWWFGY,8,0.9836544394493104
AHFQLPASSFYGGSAFPV,10,0.9946030974388124
ARVWGGDLHYAFYYLDI,8,0.9672114253044128
VRGQVGNNYQQGYGM,9,0.9506239295005798
ARGYSNLWEYYFDH,6,0.9823895692825316
AKDVLGHGDRSFDDV,7,0.9256954789161682
AKSVYYLWGDWDILQY,9,0.9585192799568176
ATTEVYRTDSGAYDY,8,0.9917479753494264
ARESQIAYDEH,6,0.940873920917511
ARNLGDDGSIYLAYDL,7,0.9439935684204102
ARDPTPYLDGYNTNPQD,9,0.9836055636405944
ASGSGLVYGWHDWLDD,8,0.9580055475234984
ARGGLGTGPIFYDPYFDY,7,0.7973917722702026
ASGVIDTTGFL,6,0.9423478245735168
ATDRYMGGGSVYAFDY,6,0.9973315000534058
ARATVDMGSYL,6,0.9812694787979126
TKDEGESAGIGFDY,6,0.9893117547035216
AKDQENYPNWHSALDV,8,0.9481539130210876
TRDSDPYSSSDLGYYSYAG,11,0.9194990396499634
ARKRQSYAGSGEYFYH,7,0.9757229089736938
AREMREPDSYFTY,6,0.986206591129303
ARDLCSDATDV,4,0.9965949654579164
ASDDVRGMTNAPGYAYFAW,11,0.7688044309616089
ARGHDLYTSGRDLQFDA,7,0.935243844985962
ATDPIDDHMDPSSLEY,10,0.9836747646331788
ARLPIDPYSAGDYDDD,8,0.9916141033172609
ARAGIALYARNCDD,7,0.9914966821670532
TRDHPYYGSLYLGTHSLYS,11,0.9653077125549316
ARSVGPPIGGGPDGNVT,8,0.9582974314689636
VRSMELSIGIY,6,0.9483681917190552
ARVPVGAGYGTGDS,6,0.976106345653534
ARVLINTGSTSAFED,6,0.9970539808273317
AKTSWTSPDGDDYGYDY,8,0.949354648590088
ARMDWLHDPDLTPR,8,0.9889746904373168
ARAYTGLWLMNMGYADDV,9,0.8555931448936462
ARDYEDHRGSV,5,0.9295875430107116
ATTRYFRYGCG,6,0.9348095655441284
ARQQFLAGISYFDDH,7,0.9372081160545348
ARETGTEDPDGCGALDISM,10,0.8827055096626282
GKDMSFWYGNVYYGMDW,6,0.9806059002876282
ARDNGDMGFDV,3,0.9557128548622132
ARSPQYEAFYG,5,0.9308517575263976
AKSGRVILSPVLLDY,7,0.8968164920806885
ARGSGSAGRWYEG,6,0.9430810809135436
ARDGDGVCEGWFGL,7,0.9906687140464784
ARGRYRDDYGSRYGLEVEG,10,0.975261688232422
ARGGVMYSSGAGYGRQG,9,0.9819141030311584
AQDSCLGDVATYDDG,8,0.8700482249259949
ARDAEGRGSIYYWYFDI,7,0.7177282571792603
AREDLVIYSWAIDN,6,0.9345451593399048
ARERYFDADYGYHDI,7,0.9901556968688964
ARTVCYAAGMYFDT,6,0.9399026036262512
ARLIGTPYDDY,4,0.9982765913009644
ARDDGEIIGTLRWPGFDY,8,0.915490746498108
ARDRIVSGYVYGFFP,7,0.9896582961082458
ARSGRFSGLDGGSYDD,7,0.9104880690574646
ARHKNWGTASGWNTYDY,9,0.866125226020813
ARAADYYGYVDPLYDMDY,8,0.7044689059257507
ATSRGDGLSVSYGGYGP,8,0.9785884618759156
AREFILYDSAVSFYDV,7,0.9506731629371644
ARFMYDYIFYG,6,0.935975968837738
ATVEWGSTSRGGLDFDY,8,0.998153030872345
ARSWGLADSYDGCFDP,7,0.982225239276886
AREPSGYCLYSSRFDEDYF,9,0.878416895866394
ARLPTIGPCRAYNYLYP,10,0.8665286302566528
ARAYEDSGVCHYWFDI,7,0.917136251926422
AKEGYGSDDTWGDSL,7,0.9683977365493774
ARDLGETISGDYSFEL,6,0.9853094220161438
ARIHFVGITNYGFDFWP,8,0.8759807348251343
AKLFEYGWYDLGYMDTALDI,10,0.9972798824310304
LRGGESDYLRRYDI,7,0.9447709321975708
TRKGQSGSWCYDDLVYEAK,11,0.8084781169891357
ARDPPPSGSVDFYF,6,0.9411027431488036
ARDEGGNGTFDSNTGMDL,8,0.9992031455039978
ATVRGYDVSSSHFDVDR,8,0.990793526172638
ARTAAGSGGLVVMYFDI,8,0.9040848016738892
ARDISSRTAPDVLFIMDP,9,0.8474352359771729
ARTLGYVALSDFDV,6,0.9864087104797364
ARAHGLSYTFLNV,6,0.7222145199775696
ARELRGVWSWSFQD,7,0.9669442772865297
ARDGDHTFMDLSFTFY,8,0.9076356291770936
ARDGSSPYRCYVAEL,8,0.98369699716568
ARDSIGGWEDI,5,0.9960424900054932
RRDFPEKSWWMD,7,0.9487302303314208
ARDAGYSGFGYGTFEE,8,0.9106051921844482
ARGTDRTSSRDPYYWMYY,9,0.8009747862815857
ARDGPPYTFYAGAYDD,7,0.9894250631332396
ARGLIPDTQFGYIY,6,0.9581482410430908
ARAYGWIGGGIDS,6,0.9876421689987184
ARDWHDSYGSDGFYIYYFDV,8,0.8727425932884216
ARDEAQYGWFDYA,5,0.9660103917121888
ARDRGSVGFDD,4,0.9603073000907898
ARQAQDLYWGGFSW,7,0.9758849143981934
AKEPGEMFTSYWTDSDV,8,0.9688795804977416
AKMEGPRSSSFLAI,8,0.9933575987815856
ALDFSSGVSNIGGDYRY,9,0.9416563510894777
ARRPSLGEFYEPNCVMDS,9,0.9803418517112732
ARDESGMFSWV,5,0.9790157079696656
ARSVPQYDVLGYTFYDY,7,0.8931414484977722
ARDDRSVGVLYYDGF,8,0.9166139364242554
ARWYRAYDDNPTFYNDS,9,0.9604677557945251
ARETYDRDQWDHDM,8,0.9487923383712769
ARVAWPYIYAYDV,6,0.9692330360412598
ARDTRTRDYWEYLP,6,0.9749544858932496
ARVRWFGGRLGGYPVDPAH,10,0.9942007064819336
AKDSFLGSSLPDAFDY,6,0.9956336617469788
AREGSEYEYAMD,6,0.966780424118042
ARERVSSAYSSSED,8,0.9578149914741516
ARDDGPPLRVDHFDHDH,9,0.9690491557121276
ARVRSSRGGVEEATDV,7,0.9988453388214112
ATAYGSYHTGDCYNYNGGF,11,0.9553066492080688
AKRNPYYYYTCDYFDV,7,0.7774256467819214
ARDANSVMLGWVYWGFDH,8,0.9364520311355592
ATDKVDSSPFYFDF,6,0.9345396161079408
ARDSVYVADDV,4,0.9654313325881958
ARSPLHYAWLDFFE,7,0.987044632434845
ARGSELSYDDDMGYW,8,0.9174063801765442
ARLKCPWLSDYADGF,8,0.9969135522842408
ARGAGRFAFFGYDPWTYS,10,0.9507222175598145
ARHLRDGGSDMYFLDP,7,0.9832928776741028
ARDGTRSSGCGLGFDV,6,0.989773690700531
ARLPVPGRSANYGMDS,7,0.9976971745491028
ARDTTYAYWYR,5,0.9831351041793824
ARMIVLAGLMWDD,6,0.9758563041687012
SAPPNANGHYSEYPDV,9,0.9494421482086182
ARDVRYGGKYSSCDSYFHF,9,0.9362213611602784
VRAESCGYYWYLTDP,7,0.9931011199951172
ARSGYVGGLGCGFDL,6,0.9504451751708984
ATQVNPFTWLELDYPDFYF,11,0.8596722483634949
ARDPWYIGYLGYNWYDC,7,0.9810119867324828
TRRDMTRGVIFLDP,7,0.9322845935821532
ARELDDFITGYGSSDLDAL,9,0.9428287744522096
ARVVRYATGGGLEGSDYAM,10,0.9821295142173768
AKVVDTEVSSYGGSFDP,8,0.994353175163269
TRSGSNWDSIHSWDFAY,10,0.9763121604919434
ARDLARIDVVWFDL,5,0.9704011082649232
ATDLWTRSPKFFDV,6,0.9969821572303772
ARGPLYYSKDDYDSFDD,7,0.9128386974334716
ARESSPSDADWPDD,7,0.9750962853431702
AREFVFSNGYADPAGDY,8,0.976466715335846
AKDLYEGSDLWPDD,7,0.992193043231964
ARMYVANSGWSPPDY,6,0.9886720180511476
ARLSGTTCQSRWYIYD,9,0.9532337784767152
ARHFKNKIYWTYTMDY,8,0.7302067279815674
AIVKRDDDHTEGWPI,9,0.9667369723320008
ARVVVFGYGYSYYD,7,0.9714065194129944
ARDYGYHYLFSYFAYDL,7,0.8800793290138245
ARDIGSKNSGVTTNSDG,8,0.98768150806427
AKENDQVQGDTTYSES,9,0.9546375274658204
AKRVNTGYDYTHFRWGMDV,9,0.9783939719200134
AKAEVPSFDGTMDD,8,0.9759573340415956
AREQAGTSGTDMFD,6,0.9489547610282898
ARLSDMWYTDI,5,0.9723122119903564
ARDRYRGFNPQDYYDAAFDP,10,0.876217246055603
AKDANYYWDVSLYYYY,7,0.8889681100845337
ANVPEVNGFSH,7,0.9377427697181702
ARELFYPMMDIVFIEY,8,0.7787612080574036
ARDSGYIGSDSAYYMRI,6,0.9623693823814392
VRDIVGGDRYYDYYGLDY,7,0.5241344571113586
ARYGRWLYYGDDDYPQY,8,0.8925036787986755
ARERCSEYFSSTDYFDD,8,0.9985790252685548
AQLYDGGSLFDLGH,6,0.9925600290298462
AKAFGMDWGVDYYYIRDY,9,0.8422040343284607
ARDSGYAYYGYYCFDY,6,0.8132052421569824
ARANPANGLDEAEAFDE,8,0.9763849973678588
ARDSHRIRWVSIDDN,7,0.9635591506958008
ARGKNYRSCWFEFRYDN,9,0.7869099378585815
ARGNNRRLGNRIDD,7,0.8191870450973511
ARDDRPYKWELYFPADD,8,0.9552972912788392
ARVPGEAYYLPLNYFDF,8,0.9750869870185852
TTDDGVGDFNY,6,0.9956700801849364
ARDLLAGGDGFGDDI,6,0.9743404984474182
ARLELGFTEWWCDV,7,0.9882943630218506
AMVENIPYLLYAFDN,7,0.9564390182495116
ARAFRDLCVYWFDF,6,0.9483383893966676
ATEAWPPSLICSWEYAPAP,12,0.9836057424545288
AKAPLIGGYTPYNHYAFDV,9,0.9291884303092957
VRDPGPGYYYGIDYYFDV,8,0.7822514772415161
AREVRGAGSFTDDLMYS,8,0.7786948084831238
ATEGGYGSIGVGDDISV,9,0.8873449563980103
AREYHRGDGCGDYPDVYFDD,10,0.8115004897117615
ARVLPIYYALPSFVFDN,8,0.986116588115692
TRGRDPVSHALGYYNDD,9,0.9637515544891356
ARSGHFSVRHF,5,0.9744347929954528
ATEHLVVEDGY,6,0.9665364027023317
AHGGYSTWFVY,5,0.9619763493537904
AKGRLTLAASGHYDFDI,8,0.9566606283187866
ARFYGQYGTRFWGPL,8,0.9874818325042723
TRDRNLYGPYWADR,7,0.9941788911819458
ARGSFVYGTFSDY,4,0.9895078539848328
AKHYRPTEYFISA,7,0.9611846208572388
AKDAWGTYAGSFAD,6,0.9705679416656494
ARHFIVETSSS,6,0.980920910835266
ALDKQYCTSSLTLGFGDVM,11,0.8773239254951477
AKEWASNGNKGYTDFQN,9,0.7561991810798645
ASSSIGFRGWGGFDMDS,9,0.8651790022850037
ASGHDGAGRDANDV,6,0.9855839014053344
ARVVGYGRSGGYGGFDY,6,0.8271849155426025
ATDLGHTMNRSGEGFEY,8,0.9807408452033995
ARDPAGDFYMDLYA,5,0.7985727787017822
ARGLGPGESGLYTLINNFDF,9,0.9840351343154908
AHEIYESFDSYFFY,7,0.9224529266357422
AREYVLHNVSYGYLAFDN,8,0.8069225549697876
ARGRHTTPWSYD,6,0.9605779647827148
ARDNGYGSSHRYAYDY,7,0.8873914480209351
AREEAPYYVTGCLIHDFGF,10,0.90529465675354
ARGGIVFYGLGDNYALDY,8,0.9031794667243958
ARVRGSGIAGSNTGFDL,7,0.9995177984237672
ARGVDLYYIMYNY,6,0.9772845506668092
ALGYQEPGFDS,4,0.9687547087669371
TKSDWGIVYGADDGFDN,8,0.9965380430221558
AKNTIDWGFDVDFYAD,8,0.9366055130958556
AKYPLGSPYYYPLS,7,0.9671114683151244
TRREVRKFSYGGTFH,8,0.993550181388855
AREMGSSGTEDRDV,6,0.9831851124763488
ARLSDDRDTDD,5,0.9968329071998596
ARAREFRYFDPYYYQYGLDY,9,0.8009681105613708
AKSQPCSTGSWSCIKYYAM,11,0.6987539529800415
TKGLGDVTGLDCFPY,8,0.8554314374923706
AKDGHNGGGGLAWAFGV,9,0.9422900676727296
ARGTGYWWLSL,5,0.9375998973846436
ARGNMIALYGYADYY,7,0.890279233455658
ASNVISGDWLSPDYYFDV,9,0.5524337291717529
ATEIDYRYMSHAFDP,7,0.975289821624756
ARQPRYPDDYGDFQS,7,0.9850006103515624
ARDVSPPGSGWFWGTDI,8,0.9987959861755372
ARIPYDMFDGLGDDY,7,0.9690497517585754
TRPARYYYGPYYSDT,7,0.9834096431732178
ATDPGPAYGGYFY,6,0.9886714220046996
AGARDGGDGLGFDIAMDS,8,0.9790276885032654
ARSSIRGSSYDVPCAFDY,8,0.7580087184906006
AVDGGPHLGGIWMF,7,0.9528868794441224
AAPRCNGSLTDGPFDI,5,0.8606775403022766
ARTPNYTYNAF,5,0.9412415027618408
AREFMSLGGIRLDY,5,0.9420482516288756
ARVALWSTSLWHFPYDAI,9,0.8729607462882996
ARTSGYVMVGLMYPYGFPC,10,0.8489476442337036
AKDYFYHSGQPYGFNY,7,0.9758387207984924
AADFGYASSAPIIYAFDV,8,0.929712414741516
AKSTVQPVDTGGFLG,8,0.9872668385505676
ARPVGIYIDYY,4,0.985801637172699
ANSLIGGDRYWGADSDP,9,0.991081476211548
ARDYGGYDLYPFDF,4,0.9394014477729796
AKRETPMALLYVDN,7,0.9886929392814636
ARVIGLYGLTGRSMDV,6,0.995981216430664
ARGRYFVDYWD,5,0.9734013080596924
ARDSGEPGGFIYIKHMDV,8,0.9837612509727478
ARDFGRSSRLNTAGQDFVF,10,0.9798667430877686
ATTDSEYAGMDY,6,0.9832969903945924
ARFKDAAKSDYCGKDFFDV,10,0.8889187574386597
ARDTRSFDIKYCFDY,6,0.8826055526733398
ARGGYGAETEGAAL,7,0.9968082308769226
TRQIGRLWAYYLFAF,8,0.9213843941688538
AKDDAIYDSKGWCDLNF,10,0.8793477416038513
ARDWSLGGESVGTDY,5,0.9955335855484008
ARDFQYSSCAVPSYELT,9,0.9282419681549072
ARDMNYAYDSPYSSMYVYM,10,0.9821408987045288
AKTEPVPGFWGDLYIDD,9,0.9716206192970276
WRDDNYDTSYYMPF,7,0.6430176496505737
AAELRDDEPDAGWFQYFYY,9,0.7796663045883179
AKVRRLICSYSYAYY,8,0.8226673603057861
AKARDRTSYSCYFFFDR,8,0.7323992252349854
ARDVFCTGSDQNYANDF,8,0.998152196407318
AKPDGMVKTEYGGDY,7,0.9951064586639404
GRDYRPSDSYGYRDFEY,8,0.9549846649169922
ARDAFGVLGYDPPR,6,0.9528781771659852
ARDSGESYSDAYIG,6,0.9489167332649232
AKRYDTADTSEPDP,7,0.9810607433319092
AACLEFYLGVFWFYDS,9,0.9656358361244202
ARVSIIMTDLA,6,0.9852684140205384
ARTGSGGGWHLDY,5,0.9956129789352416
AKDRGPAFGVAAYAPPY,8,0.9038929343223572
ATSHGVSFFAFGDY,7,0.9442052245140076
ARVASGYVSDYAYYMAFGM,9,0.9153425097465516
AREVGNGPLCGFAYWYFDM,8,0.7129260301589966
AREGSRMNEGSGNYQYIDF,9,0.9451098442077636
AKDITRGWTDAHLDGFFDY,9,0.6978635191917419
AKEELGYSTFYYRH,7,0.9934709072113036
ARELGSDGGMSNDD,5,0.948061466217041
ARDSGSSGDYASDGV,6,0.9631515741348268
ARLAPYTPDVLLLA,7,0.9923244714736938
TRLVERLDTGGYGGGDI,9,0.9979367256164552
ARSTNARAPMVCGFYY,9,0.7266213893890381
ARGEQDMYLSSSRRDYFDY,9,0.7377558350563049
ARVRYWGTGSEWYGDN,7,0.9970111846923828
AREGTGTDFPQFDL,6,0.9979391694068908
ARDTDSANAYGGDDQ,7,0.955268144607544
ARDPQFVGGDS,4,0.9936041235923768
ATDFGSSSPEYGYDLAFDF,10,0.9782399535179138
ARGWTGKVGTYRDY,6,0.9501193761825562
ARDLIYYYTNSKFYFDG,8,0.9716817140579224
AGGSHDWWTDYSLNAFQY,10,0.8540535569190979
ATHPWDRYFNRYLFNY,9,0.9532884955406188
ARSQADYDYDVSYDDS,7,0.7648670077323914
ARVGAGYTDAFFPY,6,0.9875473976135254
ARGRGTSDGGFPYGFDI,7,0.9946786165237428
AVGTSSAYAGWVTY,7,0.9197039008140564
ARGWVSVSYEQGWFLDY,7,0.9741766452789308
ARDLTGEAYDFVADYMDL,8,0.9905470013618468
AKDNYPEVRYGAYDL,8,0.9579620361328124
AKDYPPASRYSGYYQYAMDY,9,0.8860868215560913
AHGPRVWFAYEGGIYY,9,0.880574107170105
AHLLNSGGMHLDP,6,0.9963371753692628
AKDSNYDSSGGDYFDY,6,0.9635488390922546
AREVVYRDYGGGNGDDY,8,0.947136163711548
ARDRDYTSRYVDFYMDY,7,0.9514580368995668
ARAHPALVLATYDD,7,0.8324413299560547
VRTYGIAETNGSYWSDS,9,0.9947814345359802
ARSDQFGDYTDFDD,6,0.9594391584396362
ARSFILCDGGNAAYPSE,9,0.9962037205696106
ARSNDVHDLYGGHGL,8,0.9719805121421814
AKGREGPTDDGSYYYDI,9,0.9211925864219666
ALWPIYYVYGTVGAQYVGL,12,0.9764479994773864
ANERPPLTSGSGYGSEYFM,10,0.9686875939369202
SRERHYLYYDAYPDMYN,9,0.8028055429458618
ARGSCSGGNCSYGFDI,5,0.9913752675056458
AHEWHDDIYDSYCYDY,8,0.7409098148345947
ATDASFADNNSSAGFEV,9,0.9978283047676086
AIEGQGGTTYE,6,0.9469144344329834
ATDRSRGYSEGEYYSDYMDV,8,0.9620486497879028
ARERTFGSTTPYHFYP,7,0.8148126602172852
ARQLNPVTTYWDY,6,0.9967494010925292
ATDGRAQEGAGWFDI,6,0.8748190402984619
ARDGGPYGNGNLYGTGYWI,9,0.8908923864364624
ASLQILPYRTFN,7,0.9983678460121156
ARYATYPIGPFF,6,0.9504881501197816
ARDGGDYSFDG,3,0.970515251159668
AREGPGGDAMYGL,6,0.9875527620315552
VKIGFFGFEYSYFDFDP,9,0.978049337863922
AREVTAIGSKYMWGAYFGR,10,0.8265904784202576
ARVDHDPYMDV,4,0.9315933585166932
TLAWLYFPSGHAFH,9,0.9892787337303162
VSGIHGHEYGGYDY,7,0.8240005373954773
ARDEGPGYGRIFDV,5,0.9603760242462158
ATQKLMHISVWFFI,8,0.8335505723953247
ARVVGAGDGFDYPPLFDA,8,0.8209633827209473
ARSQSYTDWLGDTLIS,9,0.9090629816055298
AKERWPVPTVSASYMDF,9,0.9937074780464172
VRDAHSVGVFDYYHAFVY,8,0.8136460781097412
ARQRYSTYFGWPYYENAFDY,9,0.8201650381088257
ATFSGTYGMIFDD,6,0.9370141625404358
ARLQIHEYRPSLDY,6,0.9876015782356262
AKLDLNPARGGPWDYDL,9,0.9959396123886108
AKQKWVDATDM,6,0.9730159640312196
AHVHGSCAAGSWYMDF,8,0.6362408399581909
ARRYRLGADIYHDF,6,0.9466851353645324
ARGGTGYDTYF,4,0.9586382508277892
ASSSIASASGTYHGAGP,9,0.984610080718994
ARERAGYDFYI,4,0.9161766767501832
ARAAGFCCSSSECSVHQ,9,0.9718455076217652
ARGVMNRWGWQFEW,7,0.9912041425704956
GRGGGNEFAWSDP,6,0.9859797358512878
ARDRVDGSGYDRYYDY,6,0.92249596118927
ARLQRYYFGGDFGI,7,0.990321934223175
ARDEIEDFYDAYGTYG,8,0.9889612793922424
AKSGHVTSCYGLFYMDP,9,0.9116809368133544
ARLGFYDDWYEVYYFDY,7,0.8574648499488831
ARDGFYSASVVDWLDY,7,0.735981822013855
AREWYYYILFYLRD,7,0.9314388632774352
ARGDRGFIWGYAFDV,5,0.9891940355300904
ARMGYPYGVVSLWYPDV,8,0.9834282994270324
ARSPVFYAWLSYYYCFDI,9,0.6714001297950745
ARQQYVYEIDFGCRGP,8,0.9910627603530884
ARVRGQSWTGY,5,0.9550279378890992
AKETGGGPAKFGKDYDL,9,0.9757438898086548
TRDQGVYGGDLDMFDQ,8,0.960454523563385
ARRSGQDLGTDDRY,6,0.9747765064239502
ARDNMGEQSETCSSASFTS,10,0.909197211265564
ARDLGWGGYYC,4,0.9637911915779114
ARDGSIYRSDF,4,0.9897850155830384
ASGDDEGWDAWFDF,6,0.8117268085479736
ARDSGTDSHGRL,6,0.9845794439315796
ARELEVGYIYY,3,0.9416921734809875
ARQSLFSPAIDGWYFLV,9,0.970997989177704
AKESWTLGSGATYY,7,0.9927461743354796
AKGRGSSLQYDYFVI,7,0.8293940424919128
AIDDYYGTGIYCSDF,8,0.9779561758041382
ARGTANYSYGSVRYIEL,9,0.9155625104904176
ARPSSSSETCYYLFNI,7,0.939132571220398
ARDTDLTGFGEFMDV,5,0.9194220304489136
AKLRTVLFYIY,6,0.9853573441505432
AGDRTSGNYYPPFY,6,0.9788428544998168
ARAASLGFSVIAY,6,0.963542640209198
ARGAVDWSGICGFDLDV,8,0.9434255361557008
ARFYYLWGGRQTVSDYIGF,9,0.7047334909439087
ARGRRDGGDVF,5,0.9269865155220032
ARDYHGDLMYYFSLQY,6,0.943787395954132
AKASWIVFGRS,7,0.960972011089325
AIDYGYSDYGGNYENDL,7,0.8387823700904846
ARLNAYSWAVYFFY,7,0.91936194896698
TRDMFDDDLTYFDP,7,0.9916931986808776
ARGDYMPYNMYRQP,8,0.9256324768066406
ARDSWSLAPSFTNEVQY,8,0.8071091771125793
ARDGGCLGCGGNALFYP,8,0.9799726605415344
ASMNGVYWAWP,6,0.921599507331848
AVDTPLSSRAW,7,0.9767581224441528
ATDFVSHMYRWGIDFDP,9,0.9676588177680968
ARDKDRDSADTCGWNDY,8,0.969569981098175
TREGPAAWYMTFMH,7,0.8103228211402893
AKGFGPDSYLSSYTFAS,9,0.929943025112152
ARAGYDGWDFM,5,0.9305020570755004
AKDGGYQPDSEPRDYNE,9,0.9743748903274536
ARDLGQRGLWYDY,4,0.9890673756599426
ARDDGSLQGDFYYLID,8,0.8827271461486816
AWWKPYSFGNGGDGSMDI,9,0.9797550439834596
AKVPSVEDGYIDSTWM,9,0.989616632461548
ARTLTPYYSSAYYYQSDPF,9,0.9582861661911012
AKWLYSSTTDT,5,0.9670541882514954
AKDTLAGGEGSIDI,7,0.9290477633476256
AKPMYIDSDDLYYKNWFDF,10,0.9098331332206726
ACCVWIGYYAHVDWWVDI,11,0.93460613489151
AKDYWSYVSDG,6,0.9663518667221068
AVDGQAYGDLGVGLDGMPS,11,0.8806108236312866
ASWFCPYGFPDFPG,8,0.9956395626068116
AREGGAGSGYSIDAFYY,7,0.684914231300354
ARDVTPVYGYGFDP,6,0.9839434623718262
ARSFPSGSYVYGVYRSFDF,9,0.7593299746513367
ARPRDGDAGFLFYY,6,0.986596405506134
AREYYQGGYDYYYFDY,5,0.6100921034812927
ARDSVYVYTRDEYDYDI,8,0.929146945476532
ARSIWFYTGYFFDI,6,0.9933518171310424
AKNSGIYFVYHGSFSY,8,0.9230726957321168
AKEAYQTTMDDFDY,6,0.9839493632316588
AKGGQPVWMGDGYIEY,8,0.9293853640556335
ARIIGCPFQNGPDDY,7,0.9950969815254213
AKDGSGSNVVGDYVYY,8,0.4622889161109924
AKEDVPAAWFWD,6,0.9747774004936218
ARDTADIEPFAVEEHMDG,10,0.9139969348907472
AREWSTRCGGYNWSYVP,8,0.8940260410308838
AKDGVFLGLVFDDV,7,0.9610744714736938
LRDFERYDVKWMFDY,7,0.946924924850464
AHGRGVPPFYDGYD,7,0.948838472366333
ASIHIELWYFYYYENFDF,9,0.9370267391204834
GKDGTGSYSDDYHFLY,8,0.9877733588218688
ARDGGYGGWVDSD,5,0.9739850759506226
ARGWLRYLTTASPWAYDV,8,0.9756683111190796
ARDYVYIFYYDD,5,0.9871058464050292
AKPYGPPSSTGPDVYEL,10,0.9860190153121948
AIDFFLQYSVGADGF,9,0.9879570603370668
ARAVRADGGYYSDGYVDY,7,0.9679961204528807
ASDLGIFRDDGIDY,6,0.9903332591056824
ARGIGKIGSFYFLPAFDY,8,0.8167487978935242
ARGTVDGISTRWHSGS,9,0.9943915009498596
ARDDSTIYPVCLDYGLDH,9,0.9477272629737854
ARLLLSSDDGSYKFTFDR,9,0.9323109984397888
ASASVWMTLFGDG,7,0.9990593791007996
ARDAGYTYWMDDL,5,0.9928505420684814
ARDMLPCNFKSSDYLYF,9,0.9793161749839784
AKWRRYYYGGVLYDDYFDI,8,0.981447696685791
ARFRSLGFTYYMDD,6,0.834746778011322
VRDWQGTPSDWWGDY,7,0.9712295532226562
AHSAVYPEDSYFPDLDN,9,0.9762156009674072
AKWLPGWGYYSIDV,7,0.9456600546836852
ARVYDSSWSGFVDY,5,0.9532195925712584
AHDLGSLLWYFVH,6,0.9961101412773132
ARRSCGTYGWDYDYQ,6,0.9739997386932372
ARSPGYYRWDFRPWIY,8,0.8253989815711975
WSDGDSYDMSW,6,0.9841910600662231
ATGRYDTSPELYEILDL,7,0.7096339464187622
ARTYRISDLTIYDHV,8,0.8477603197097778
AKEFGGSLWGLVDF,5,0.7695711255073547
ASGLGAGAGGSYYDHMDF,8,0.9513970017433168
AKDASDGFRYSEYFDI,7,0.7570788860321045
AREVSWGSYGVWFDY,4,0.8047658205032349
ARDSLHTGANDFYLAFYH,9,0.7437759637832642
ARGGLYHEPGECFM,8,0.9773128032684326
ARVDNSRTYQYDGFDV,6,0.9821997880935668
AADYCVWGTQPVAFDL,8,0.939854860305786
AKGGGFKGGDF,5,0.931386947631836
ARRNRSRLGIV,6,0.9405840039253236
AKNGFNGSYCDGGNRYFGN,10,0.9892178773880004
ARSGPDYWGDIGYPEY,7,0.9662562608718872
GRTVQRCPMDGNSTYAAFDY,10,0.9972477555274964
AKAFTPRSNAYDDD,6,0.943881094455719
ARDSPYITNYVY,5,0.979440450668335
ARADAPVDFDF,5,0.9813711047172546
ARAAFYGWWCFDY,5,0.996557354927063
ARSPYSYGHVG,5,0.9427001476287842
ARPYNTYGLHVNCRCG,9,0.9101150035858154
AREFDVYFKGDFDV,6,0.7718468308448792
VRGGPYEDMVYYWYDY,8,0.9460408091545104
ARDLVGAYIGDYPDAMDD,8,0.995071530342102
VTLIGGYDDHRQAFPI,9,0.994654655456543
VSGDLYDRGILYFF,8,0.8926248550415039
ARGTYCYVAFGH,5,0.97403222322464
ARDRAWFEWGHSGDNS,8,0.996208906173706
AKDLEVLSDPCGYADEG,9,0.9940097332000732
AKHRVTYSYFGADVI,7,0.9934387803077698
VRDSSPLGDFGVDLEFSV,10,0.8859671354293823
ARELPYLLMNTVFFV,7,0.9194560050964355
ARGSWLEPGDTGGYMSW,9,0.9714765548706056
ARDSGRLRCGGLVYL,7,0.9342372417449952
ARDDNDYSGDIALGYD,6,0.950698733329773
ARDTGGCAFYVKSLENGMDV,9,0.990566909313202
AKDRGGEYDLWDSPYGEGF,10,0.9662448167800904
LRQFTSRFFAY,6,0.9661093950271606
ARNDGFYVFFIY,5,0.967219889163971
AKAAGSESIDYPYFDY,7,0.7839329838752747
ATGINSYTHGSYTDSYWVF,10,0.8411867618560791
ARGTPTGIGDF,5,0.9754870533943176
ARRWGYYYSYVGVYSY,7,0.92087322473526
ARDGGVSLGTDRVYPGDY,8,0.966249942779541
ARDDLEYGTGGYDDV,5,0.9314805269241332
ARVLHTGTTFYPLP,7,0.976241409778595
ARDPFGSGNVDGGYYFDV,7,0.9399619698524476
AKSATVNYRYGVDAY,7,0.9532970786094666
ARGLDYSAFDS,4,0.9778908491134644
LKSYMGTAHSSTDA,9,0.9883318543434144
ARDARADYSSLPYSLYDGI,9,0.8220099806785583
ATDKGMSATGHADDA,8,0.9915168285369872
VRQAVSLAQTNFTDY,8,0.9989732503890992
TRDLYDVPWRGY,7,0.9928955435752868
AKDDGCGSAIDYGSTDYL,9,0.9729666113853456
ASMSERTADGMYF,7,0.9960099458694458
ASDDILCGYNSMDP,7,0.9133160710334778
TTALRNDGFDFYP,7,0.9949000477790833
ARSWGPAHMTSVLAPIGFDI,10,0.990120768547058
AKVGEFYGALSYLAN,8,0.9741892218589784
AGDGALATQDYCDY,6,0.9974800944328308
AKELTYYSMDVYGDDGGMDI,10,0.9677836298942566
AIDKGTVCGFASDLYFDY,8,0.902396559715271
ARDARPYSNWAEDGRVYYMDI,10,0.9331815838813782
ARDSYGVSPVSLYDSDP,7,0.9604058265686036
AKVVGRVWAFFDY,6,0.9715319275856018
AKWEDDGHDFWFVL,8,0.9548173546791076
ARALFDSSFVGPPIGFMI,9,0.992012083530426
ARAHYTLGLFSSDS,6,0.9886218905448914
AKDLYIRTALGTGWFDS,8,0.9984138011932372
ARDRYTSWGGFPY,5,0.9920111298561096
ATYRVGLDLYAFDT,6,0.9882594347000122
ARDGYSPDYYSAEGFGYGF,8,0.9602479338645936
AREKWNRSPGGAYYFLF,8,0.9867433309555054
AKTQVPTDGNWASAFYY,9,0.981649935245514
AHSEIVVIEDM,5,0.9485816359519958
ARGLDRFGYED,5,0.9514397382736206
AKVIGRLGARGWYYVDP,8,0.9421104788780212
AANVGGYVGFHFFNAFDY,9,0.6888149976730347
ARDEVYLNDFY,5,0.977315068244934
ARGPDSTGGGWVDP,5,0.9859683513641356
AKEYNPRTCNAFDH,7,0.94083172082901
ARDQYRYDAPYERYLDV,7,0.8536211252212524
ATQGQWSDSGNYFDS,6,0.9962557554244996
ARVIGGMNLSVSGPD,8,0.8793182373046875
ARSGGIVYLDYNDP,6,0.9126626253128052
AKYFAGAASYFYDY,6,0.9822008609771729
AKDSYPSGLDTSPMDGYFDV,10,0.9805604219436646
ANESGVYTSTGAYYFLL,9,0.929950475692749
ARCPDRLYLTSFLDF,8,0.9394490122795104
ARYEVFWFAGFLS,7,0.9927489161491394
ARERLYWWTGEAFDFYY,8,0.9877898693084716
AHVRRARGWFEYYLSL,9,0.9162927865982056
AGLINGIGSRDGSALDR,10,0.9861050248146056
AREGGPNLFAYDSMDY,6,0.9419922828674316
AQDHFPRYDDWEWFQV,9,0.9975576400756836
ARLRVWSPGNWAFDT,6,0.99821799993515
ATAENILHQHMSDWMVP,10,0.9360291361808776
ARARGSTAGFYYND,7,0.8044584393501282
SRDMSMEAYYGLYYFDQ,9,0.9413509368896484
ARSLDAFDIYVMSYYL,9,0.9112961888313292
ARDRKSFSVGYFPQ,7,0.9883991479873656
AREGGDPLCGPR,6,0.957458198070526
AKDKGSYDSDGWTYSGYFDI,8,0.7586907148361206
TRTVEKFGYYGFDV,6,0.9668179750442504
ARGVGSSPQQVGWALDV,8,0.9437150955200196
ARDRGGFPYYGYEDP,6,0.9797269105911256
ARARHLSDGDYGGHMGFWV,10,0.999189794063568
TRWFSGYYIGGWFCA,8,0.955022931098938
AKHATLTSVVFLYLYI,9,0.9430161714553832
ATDNGTIGSDFDATQD,9,0.9922919869422911
ASDEVGTDGYGPDD,6,0.9777646660804749
AKDGYVSGVGGPYYFDR,7,0.8792374730110168
AKDLAFQDSMDVI,6,0.9973006844520568
AKSRVVGRYLYVAFDI,7,0.8618279099464417
ARDYCTYHRGEYYALEY,8,0.9863801598548888
VREPSYYVPYDFTN,7,0.9452919960021972
ARLVGGYSLELYNYGLPI,8,0.9380159378051758
ARDEDFYYVFHYCPWTFDY,10,0.980128049850464
ARLGAVGSSRDDPNAMDV,8,0.9985736608505248
AKEQQYGESDKSSFDD,8,0.8576793074607849
ARRRGEFNSSWYGYLYFDM,9,0.93950617313385
TRGFATSTSHYSSMY,7,0.9196513295173644
ATATVLASYYDYFDD,7,0.9325622320175172
ARHGDTGDAPSDDAV,8,0.906868577003479
ARGRGLRDSVWYDE,6,0.9184871315956116
AKEQLYYNMLYDLSYYGVDY,9,0.8119561672210693
ARDLGFAVDYIDY,4,0.9946552515029908
AKDVEYADLGF,6,0.9818524718284608
ARLIGFYGDTSFCYF,7,0.9827470779418944
AKHLNGDWTGPGHYSP,9,0.9980012774467468
AKDMGFYAFDGYFYYE,7,0.9808585047721864
AKDVVYYYQAF,6,0.9864159822463988
ARDRNTWILYHDD,6,0.9849393367767334
ARGLAGGDMFLDVYALDY,7,0.9173585176467896
AREDQTGDSSQEYD,6,0.9830302596092224
ARDLWLYIGSGYDMFDY,6,0.8370479345321655
ARIDRPPDSPSSGDYDY,8,0.9345061779022216
ARAQGTIYRYTGEYIDN,8,0.9218835234642028
AKEFGSWGFYSYQYFSY,7,0.8356232643127441
ARDSGPATFDW,4,0.999240517616272
TSEIVLSASLGFIP,8,0.930435597896576
ARVRGRVIMTDVDDP,8,0.9760743975639344
VVDGRVDDTYWMVGCFDK,9,0.4527097344398498
ARVYGWGRYGYAFYV,6,0.7237440943717957
ARTQSTDGILFPP,6,0.9930198788642884
ATHSVYSPPYYG,7,0.892120361328125
AREDARWDIDYSDDG,7,0.9085944294929504
ARGTGSYAGDG,5,0.9337071180343628
ARHLGGDYSNGFDI,4,0.9893159866333008
ARDPINVFSSRGFDI,7,0.9923349022865297
ARDRGYTSWMGD,5,0.9920280575752258
VRSRRVVTEWV,7,0.9792543649673462
ARNESLGYSDDFDP,6,0.993737816810608
ARGTGFYPFDIRSDEPYHDV,10,0.9254220128059388
AKDPQGDLCGPNWDFAY,8,0.9557424783706664
ARGIGEDTSRF,5,0.9665634632110596
ARDPTLYWFDY,4,0.997433602809906
AKDGTGVPNDDDDDA,8,0.9416804313659668
ARRDLAMWIMSGFD,7,0.970234513282776
ARGTFTTYPSGWFYG,7,0.983234167098999
VRGNYDHDYWSWDDG,8,0.9391494989395142
ARGGYSEGGLEFDD,5,0.910118818283081
AKGGYVEPFTSFDGYDY,7,0.9757010340690612
AREYDGGGDYDGQGYFDV,8,0.5118871331214905
ATDRGPIGYGLYFYFLG,8,0.9870888590812684
ATDGLVATDDFCA,7,0.9984443783760072
ARDTAGGFDTGFFAT,7,0.9958800077438354
ARSPGGGGKGYLFDF,5,0.9631409645080566
ARDSTSDWGSNYYFSD,7,0.956813395023346
ATDYVRYLYTGVFDH,8,0.9907743334770204
AREVHYLSYEFHFDDDY,8,0.7538555264472961
ARSSAMVYSFLVCGFYFIH,10,0.885457456111908
AKDQHAYDLNYVGP,8,0.988145112991333
ARLASYQDFCPSEGYDYMDI,10,0.9970290064811708
ARVGGDAENGWGPY,7,0.9955974221229552
ASWRRGIDLGDPDD,7,0.9878324270248412
ARDGGGPGGAYLYDP,6,0.9890305399894714
AREFDFGTEYPVDVSFDP,8,0.7183011174201965
ARKQPYDGDNTSDYYGFGF,10,0.9161885976791382
AKVDGEPRVGGYFHYDY,8,0.9460158348083496
TKHLGDSDRTWFLN,9,0.9963045120239258
ARDLRGSTYYRIVDTYDS,9,0.8444498777389526
AHDVGLSWGFGYP,5,0.98875892162323
ARDDCFDFYFVDA,5,0.9940871000289916
AKDGGIGFPRGYP,7,0.9892269372940063
ARGYYQYGDLYVDYY,5,0.9110444784164428
VRGHYEDDYDDTYLAMDH,10,0.7762024998664856
ARDTIYVHGAGQALCY,8,0.9667258858680724
ARIYYYSAGCLYAFDI,6,0.9214096069335938
ARHNVQGVARGFDG,6,0.8662235140800476
ARDSGTFWFDL,4,0.9788274765014648
ARRDRVTYSRDYEHLYFDM,9,0.7158564925193787
FRTFHSIYTYIYYGWYF,9,0.9165383577346802
ARAGIDYKKPGAFDP,6,0.993103802204132
VRSSGYGGIYPYFFFGV,9,0.779373049736023
AKDLPGPYGGGDAW,6,0.9955450296401978
AKDDAVTHFDDEYDPE,9,0.9279335141181946
AKDPDDFPYDSMDDQWNI,11,0.961590051651001
AITPTGYYWGYFFDP,7,0.9806197881698608
ARRNTMHYTDSDHYTDY,8,0.9209641814231871
ARLAIVISFYY,6,0.97764790058136
ARAFFISKGTPLGDS,7,0.9961699843406676
ARGLGGRTRMDDYHNMDI,8,0.9992713332176208
ARLRVDRGMPP,5,0.9886772632598876
VKRLGTDTFRDNDAVFDF,9,0.9574640989303588
AHDRCWTYVAPI,7,0.9695916175842284
ARLDVFATSFRI,5,0.9743558764457704
ACDRGEDANPIYGFAR,8,0.8031908273696899
ARDQSGYSTSDDAFDV,6,0.99961119890213
AKELGHIGYSNYDD,7,0.9555569291114808
ASFLGTSWYSSTMEF,8,0.998473584651947
TRGSQYSSGSDWSLFDS,7,0.974036991596222
ARVNEGRSLDYWFYEQY,9,0.8138242959976196
TNVPLSDPANDSDF,9,0.9934640526771544
ARENYYNFYGF,6,0.9455839395523072
AKDNWFDSAADAQEPMFY,10,0.9942041039466858
TKAGNGSGSGSYYYGTT,9,0.9856292605400084
AHSADAGLINSDYIDV,8,0.8137149214744568
ARVTGGDGDDLYDV,6,0.9699074029922484
ATDYPGPARLYRY,7,0.9974652528762816
ARDTWVITFMIFYFSQDY,9,0.850121021270752
ARDSVRSDFGVYCWLDG,8,0.887165367603302
ARDPTSTPNLYYCYGMDY,8,0.8735371828079224
TRDMLRGWMFLD,6,0.9895191192626952
ARVISAVIFVHDVYGFDV,9,0.9768219590187072
ARDLGSAVGDGDM,4,0.9964518547058104
AREEVYTWSVELDSYYDH,9,0.9159150123596193
GRSRSVMASYGLDP,7,0.986310601234436
ARLSGSCNYGWFRP,5,0.9699985980987548
ARELPDSGAYGVPG,7,0.996574640274048
ARDRIRGISESGHGHDG,9,0.979640781879425
ARMDGSMPNGYSYYIDS,8,0.8619980216026306
TRALGDDGSHDVYY,7,0.9893803596496582
ARGGGRIGYLRGTYFAD,8,0.9209749102592468
ARDSRQSTQYDFA,6,0.9775843024253844
AMLTCIEFARLGDH,8,0.9961125254631042
VRQEILTTLYTWSDY,8,0.996145486831665
AKEGTYNSGSIL,6,0.963007390499115
ARDSGATDQVY,5,0.9913511276245116
ARISYPGYVFILDDFFDS,9,0.9297216534614564
SKSLVYGDLGDWYRDDS,10,0.9617014527320862
TTERYVHESSWSDDI,8,0.9480369091033936
AKAGCYYGYDGHSSYDV,7,0.9691087007522584
AGDFVYYGGSSACGADW,9,0.9880658388137816
ARVPVVSQPDWSFDS,7,0.9967721104621888
AKETDDDVVCAPSFLI,9,0.9521295428276062
VHSRPGAGSYDYLFDP,8,0.8048650622367859
ARVQYMRFTINDGFDL,7,0.997261643409729
ARDRGVGDPYDYYHYMGF,8,0.7297676801681519
ARHGEYYQAYRYGLDF,7,0.9501544833183287
ARYTNPQDDYSDYAACFDM,9,0.9558085799217224
VREMQFNDGAF,7,0.9475018382072448
ARDLSYYVTVD,4,0.9806411266326904
ARGGYEVVEGFI,4,0.9448809027671814
AAEYAYYGSTTGYLDY,7,0.4342424571514129
ARSEGDGDSRSNSDF,7,0.990642249584198
ATARDGMGNMDHRLDY,7,0.9604136347770692
VTVDSFGAFYSTGRDD,9,0.9295085072517396
AKVAGDGSGGTDPYYDGAM,10,0.9331708550453186
ARSSGGAPLDPDPSGMDV,9,0.9877910614013672
ASERWAGFLGYYFD,7,0.9714913368225098
ARGLRSFDWGDYYDGYFDV,8,0.9786779880523682
ARGAGYYYNSSYFDYGY,7,0.8943725228309631
ARGTFLYYPDSILSYTMDY,9,0.9869866967201232
ARRLAYGSEEPVDS,6,0.9965490102767944
ARDNGVYWDDDAFYY,7,0.9607702493667604
ARGLGGYDGDDFDV,5,0.9977128505706788
TRSEMTHADTAYYGWAY,10,0.820196270942688
TRDWGEVYEYGYDY,5,0.97249174118042
ARNVLTRSDYTFCDIGY,8,0.982856810092926
AKASYGLDTLSFEP,8,0.9321536421775818
ARGAVYYGLKDENGSDY,8,0.9919296503067015
ARQAGWDDGGYSAPIMYL,9,0.9082849025726318
ARLARAPGFGTNYSYYFDY,8,0.8943191170692444
TRLSLYSYSDWLDAI,7,0.9940624833106996
ATGWASSDMSDCPDNYNAY,11,0.9727598428726196
SSGESSESAVNFDI,7,0.9850823879241944
ARHQPPGHSYYYGIDI,7,0.9116790890693665
ARDGSASSSLSEPGFDY,7,0.9876478910446168
AKGEDGRWDAFD,5,0.951749622821808
ARDRGGYYAESTYYMPL,8,0.876239538192749
AKGHCGYPSSSFTV,7,0.997192084789276
ARGTVLYFNYIDL,5,0.988990306854248
ARARCTGTGCLDGFIV,7,0.9986751675605774
ARGKGHSMWLYLLY,7,0.955053448677063
ADALQLSLLNYYWYMGI,9,0.9424471259117126
AKGRDGWYTWGFHA,6,0.9884868860244752
AREMKPDERRPFYHYADVF,10,0.9415725469589232
VKDRNYNGCPYGDLFDS,8,0.9776089191436768
AGEFGSVYEYIYDD,7,0.9425755143165588
ARELYDGIGGYVYDPPFHM,10,0.8827552795410156
ATVAVLGVWLPFPYAFDA,8,0.928486168384552
ACDVDVSGSFDYH,6,0.95580792427063
ARERRMGDYGNPFDY,6,0.9488364458084106
AKGTWDYIDWY,5,0.95754474401474
AGVRAYPSMELPYWEGEDY,10,0.9711626768112184
ARGYIELVRGF,6,0.982890784740448
ARDSGYHNTDGEAP,8,0.98946613073349
ALADYQSGYDAGDIFDN,8,0.818985104560852
ATDNGDGPVGEF,6,0.9883102178573608
ARGRVNVFLGMGG,6,0.991986870765686
ARPDGDLTFTNDAFDL,7,0.996275782585144
VKDFYQRWTRTGY,8,0.995733916759491
TTDRGGWDCQRGFAFFD,9,0.945232629776001
AKATSTDPLGDNPDFYYYI,11,0.9694634079933168
TRTEWKYYRGGFYDS,7,0.9927634596824646
ARDWSLFSGLDE,5,0.995987594127655
ATGADGGVGNSAYYRDY,8,0.9840737581253052
AKVGEYTSGPHYPMDI,8,0.9460875391960144
ARQVGITDSYFFY,5,0.9830002784729004
ARDRVDVSLYQGGAFDY,7,0.8771219253540039
ARQMGYTSGFDG,4,0.937108039855957
ARWTVRATNTWMYYFMDY,8,0.5533391833305359
ARDNSYVVEKWSIYF,8,0.8769047856330872
AKDVQRDKTLFDY,6,0.9955654740333556
TKAGYYYTGDGAYFDI,8,0.9355579018592834
ARASGGGWLEFFDR,5,0.9754860997200012
ARDRLYYYAVAAEDHDP,8,0.981736660003662
ARDDGEYSWDP,4,0.985414743423462
ARRPRPSGYVGFGV,6,0.9880781769752502
ARDGISGSSGGSFSR,6,0.983686625957489
GRNFPGDLLMVTYYLDV,8,0.9367775917053224
AREPEELDTVELSHAYDM,10,0.9021549820899964
VRPRGGSFPYGDYFHY,7,0.9834538698196412
ARERDRGGFDYYFDP,5,0.7700035572052002
ARSTVYMYIDG,5,0.9358967542648317
ARGACYYNSEEFFD,7,0.9909688830375672
ARDSANAGNLDMMF,6,0.9420815706253052
AAPYCNSTTSTDGFDL,3,0.9994634985923768
ARGGIGYAYFDTDYAFDH,8,0.9541281461715698
AHGVPGYGLYYFYYQFDV,8,0.9237480759620668
AGSPLNYSGFIYLMWFDY,9,0.9218489527702332
