true_affinity,pred_affinity
1.845506191253662,2.9995784759521484
3.343750476837158,4.5096940994262695
4.675711154937744,4.485166549682617
2.975487232208252,2.617246389389038
4.395605087280273,3.439423084259033
0.027405869215726852,1.039810299873352
3.86808443069458,4.2630486488342285
3.7525839805603027,4.213995456695557
2.199429988861084,1.9246339797973633
3.3107590675354004,4.337400436401367
4.720777988433838,4.495176792144775
2.8919193744659424,4.4336957931518555
4.193777561187744,4.471016883850098
5.122912883758545,4.408001899719238
3.780168056488037,3.878305196762085
2.0963611602783203,1.9141556024551392
5.074169635772705,4.412121772766113
3.3684144020080566,4.451866149902344
5.0981597900390625,4.444182395935059
3.1925442218780518,4.170340538024902
1.5063896179199219,1.5826610326766968
5.0648674964904785,4.255242347717285
4.5957489013671875,4.373791694641113
2.5557239055633545,3.091327428817749
4.3383097648620605,4.480903625488281
3.6663191318511963,4.531921863555908
3.2997655868530273,4.361660003662109
5.770373821258545,4.294502258300781
4.103554725646973,4.407558441162109
1.7271018028259277,2.4998526573181152
3.6119868755340576,3.474043130874634
3.764450788497925,4.345546722412109
2.118640184402466,2.1124672889709473
5.1448259353637695,4.380568504333496
3.7720656394958496,2.8662164211273193
5.113941669464111,4.442717552185059
1.9562829732894897,1.562148094177246
3.8247127532958984,2.5588812828063965
4.134974479675293,3.0398802757263184
4.439471244812012,4.393581390380859
3.119340181350708,2.480347156524658
4.095492362976074,3.0060932636260986
3.336510419845581,4.364436626434326
4.766838073730469,4.287858963012695
4.5323872566223145,4.112276554107666
4.252732753753662,4.245271682739258
2.8850176334381104,4.144404888153076
4.066762447357178,4.271042823791504
4.16152811050415,4.412871360778809
5.198518753051758,4.096402645111084
1.4351205825805664,2.3212058544158936
5.087743759155273,1.9568129777908325
2.9102110862731934,4.431208610534668
4.34198522567749,4.390371322631836
3.8884642124176025,1.9118726253509521
4.4959282875061035,4.068689823150635
1.034594178199768,2.223785400390625
2.584411144256592,1.877229928970337
4.376835346221924,1.9127875566482544
3.0516064167022705,2.601269483566284
2.3373141288757324,2.9056291580200195
3.849785327911377,4.416424751281738
6.045920372009277,4.349905967712402
3.384742498397827,4.146724700927734
3.6389403343200684,4.367545127868652
2.8645098209381104,2.4861912727355957
2.072584867477417,2.5936567783355713
4.791466236114502,3.9364778995513916
4.145972728729248,4.296076774597168
3.841782331466675,2.673645496368408
0.36551687121391296,1.2709174156188965
3.191539764404297,1.784103512763977
3.013185977935791,2.353435516357422
3.133629322052002,3.1290693283081055
4.387449741363525,4.298990249633789
4.222364902496338,4.37501335144043
3.3978257179260254,4.426911354064941
2.441922187805176,4.327242851257324
4.621571063995361,4.098555088043213
4.685007095336914,4.384194374084473
2.8820502758026123,3.118513584136963
4.436476707458496,4.447397232055664
2.5976405143737793,3.5474977493286133
3.0528998374938965,4.3977556228637695
5.013880729675293,2.2820277214050293
4.263697624206543,3.641096591949463
4.349353313446045,4.020621299743652
4.759103298187256,4.126461029052734
4.101508140563965,4.481564998626709
3.333298921585083,4.32179069519043
3.343750476837158,3.4613561630249023
1.3204548358917236,2.0697176456451416
3.9826221466064453,4.324220657348633
3.846719741821289,3.622201681137085
1.8494480848312378,1.9116238355636597
4.537408828735352,4.403202533721924
5.575097560882568,4.331655025482178
1.9448750019073486,2.444464921951294
3.7208938598632812,3.782463550567627
4.976304531097412,3.2451086044311523
4.744001388549805,4.184538841247559
4.31500244140625,2.9162793159484863
2.774153709411621,2.4577174186706543
5.009819507598877,4.179442405700684
2.832383871078491,2.339686393737793
3.3684144020080566,4.459853172302246
3.7536814212799072,4.237717151641846
1.3476207256317139,1.832887887954712
4.51400089263916,4.401710510253906
2.8123819828033447,2.291408061981201
3.6652474403381348,4.151810646057129
5.145931720733643,4.257452011108398
3.640880823135376,2.5791122913360596
4.67404842376709,1.741050124168396
4.207862377166748,2.7751760482788086
0.6359097957611084,2.8421459197998047
4.335535049438477,4.324158668518066
3.690704822540283,1.3745967149734497
4.677812576293945,4.519270896911621
4.488880157470703,4.257580757141113
5.449061393737793,4.322020053863525
0.4071360230445862,2.3485360145568848
3.172490358352661,3.5051114559173584
4.176047325134277,3.4448769092559814
4.599888324737549,4.531350612640381
4.382124423980713,3.3612680435180664
4.261103630065918,4.397871971130371
0.5370727777481079,2.3053901195526123
2.9967455863952637,3.9248039722442627
3.739616870880127,4.264900207519531
3.9713189601898193,4.140198707580566
3.9511966705322266,3.3298487663269043
1.54318368434906,2.50654673576355
2.0839295387268066,2.2645092010498047
1.51639986038208,3.131453514099121
3.9038355350494385,3.6859591007232666
4.379234313964844,4.18356466293335
3.4631547927856445,3.704728603363037
0.38534364104270935,1.4550795555114746
1.1032111644744873,1.5676820278167725
4.506886959075928,4.381344318389893
5.839851379394531,1.0576558113098145
4.228587627410889,4.190464973449707
4.870596885681152,4.127589702606201
3.7961862087249756,3.6507132053375244
2.6429688930511475,4.3293867111206055
2.6108946800231934,2.8137245178222656
3.9959075450897217,3.1416473388671875
6.142424583435059,4.532020568847656
2.809586524963379,3.9552111625671387
3.5187857151031494,4.376735687255859
4.042558670043945,4.43943977355957
0.6675503849983215,4.317225456237793
5.921586990356445,4.0550923347473145
2.684204339981079,2.0292181968688965
2.2334365844726562,4.41938591003418
2.392016649246216,1.9509327411651611
4.8427605628967285,4.4073638916015625
4.149459362030029,4.163400650024414
5.036134243011475,4.252042770385742
5.887131214141846,4.5429277420043945
1.8912444114685059,2.116724967956543
5.089902400970459,4.3727803230285645
0.8307756781578064,3.2903971672058105
3.0264525413513184,4.280637264251709
2.059241771697998,1.8459625244140625
6.101383209228516,4.3706583976745605
1.3747451305389404,2.440093994140625
3.4853098392486572,4.391417026519775
1.394214391708374,2.3824856281280518
4.2779998779296875,3.9869730472564697
3.3925650119781494,4.386992931365967
1.5043429136276245,2.3916878700256348
4.5323872566223145,4.515171051025391
3.758690595626831,4.374173164367676
4.32742166519165,4.305981159210205
2.08319354057312,1.8792808055877686
3.9197425842285156,4.506723880767822
2.821992874145508,3.351374864578247
4.4027605056762695,1.7435396909713745
3.594702959060669,3.7959938049316406
4.373408794403076,4.421981334686279
3.328321933746338,4.122941017150879
4.426229000091553,4.417531967163086
2.2362518310546875,1.9052095413208008
5.18562126159668,4.35163688659668
4.1525092124938965,4.1079511642456055
4.029463768005371,4.255326747894287
2.2594165802001953,2.8687376976013184
3.7911908626556396,3.8502161502838135
5.3545684814453125,3.5677053928375244
1.4471588134765625,2.0656309127807617
5.1573920249938965,4.23420524597168
3.7720656394958496,4.249424934387207
3.994579315185547,3.275639533996582
1.2290351390838623,1.4929181337356567
1.228590965270996,2.210169792175293
4.090731143951416,4.426206588745117
3.6501564979553223,4.3395676612854
3.485704183578491,4.296610355377197
3.8275585174560547,4.486210346221924
4.649971008300781,4.402881145477295
4.400485038757324,4.293701171875
2.6515426635742188,1.443666696548462
3.0227901935577393,2.48482608795166
2.723377227783203,3.0595896244049072
4.117680549621582,4.261155128479004
1.9765443801879883,2.824103832244873
1.2341480255126953,1.5886380672454834
3.5977718830108643,3.4977662563323975
5.742089748382568,3.9227681159973145
4.2206034660339355,4.375199317932129
2.9256067276000977,3.1557254791259766
2.922118902206421,2.3205759525299072
4.1993408203125,4.4433512687683105
4.024318695068359,4.315156936645508
3.7209653854370117,1.5278812646865845
3.784268856048584,4.091495037078857
5.165167331695557,4.4584879875183105
3.329782724380493,2.119047164916992
1.5117261409759521,2.309913158416748
4.621438026428223,4.497922897338867
0.9957200884819031,2.198570966720581
2.961928129196167,2.237992286682129
3.390528440475464,3.01354718208313
4.273737907409668,4.432112693786621
4.4241485595703125,4.387360572814941
5.204943656921387,4.492213726043701
1.7477375268936157,2.40222430229187
0.06886126101016998,2.0656089782714844
4.637757301330566,4.023390769958496
5.202369213104248,2.759263277053833
6.106656551361084,4.343235969543457
4.394922733306885,3.9324889183044434
5.091094493865967,4.285576820373535
3.076075553894043,3.6994922161102295
4.779793739318848,4.367615699768066
3.235323429107666,3.002011299133301
5.173999786376953,4.516724586486816
3.9187159538269043,4.288882255554199
5.176140308380127,3.34572172164917
5.0334978103637695,4.024510860443115
4.327558994293213,4.422056674957275
4.044532299041748,4.456625938415527
5.038140773773193,2.9801368713378906
4.807014465332031,4.435460567474365
3.4725492000579834,1.6472879648208618
1.2129215002059937,1.757328987121582
3.972193717956543,3.9160008430480957
3.9449679851531982,3.3703689575195312
4.21296501159668,4.366023063659668
3.8180618286132812,4.512958526611328
4.030749797821045,3.9446849822998047
4.9387407302856445,4.481991291046143
3.3021786212921143,4.435107707977295
2.6909687519073486,3.149148941040039
5.256685256958008,3.2191805839538574
4.157332897186279,2.086735248565674
2.3663268089294434,4.002773761749268
4.380944728851318,4.430609226226807
4.4255690574646,4.1926069259643555
3.6196484565734863,4.508154392242432
2.9645638465881348,1.3972201347351074
3.39193058013916,4.474086761474609
5.094071865081787,4.453644752502441
0.8270049095153809,1.6386055946350098
3.8485138416290283,3.8995373249053955
4.0619964599609375,2.218458652496338
4.160025119781494,4.005560398101807
4.719076156616211,4.415342807769775
2.4076144695281982,2.117640256881714
4.641736030578613,2.565646171569824
2.48905086517334,3.0712950229644775
1.9563865661621094,2.9495396614074707
4.610199451446533,4.009816646575928
3.9952890872955322,3.0769944190979004
6.239634037017822,4.452138900756836
2.24544095993042,1.566624402999878
3.7803378105163574,4.1344733238220215
2.100867986679077,1.7123671770095825
5.43693733215332,4.2132415771484375
4.745491981506348,4.390983581542969
3.173661470413208,3.7666945457458496
4.516404151916504,3.755277156829834
4.666633129119873,4.554920196533203
0.2877599596977234,1.383937120437622
5.342329502105713,4.486581802368164
4.683236122131348,4.225565433502197
4.288991928100586,4.443049430847168
3.291106939315796,2.240623950958252
3.8470726013183594,4.386814117431641
4.506900787353516,4.398547649383545
4.1230878829956055,4.436579704284668
4.508017063140869,2.6164298057556152
4.305575847625732,4.021626949310303
3.8296473026275635,3.758984327316284
3.291106939315796,4.336035251617432
1.7055584192276,1.4903539419174194
5.835587024688721,3.1752912998199463
3.487806558609009,3.9624109268188477
2.0116755962371826,2.7303147315979004
3.2989213466644287,1.8199268579483032
5.05379056930542,4.265793800354004
4.931300640106201,4.374347686767578
2.1814730167388916,2.949627637863159
4.548879623413086,4.326401233673096
3.9944050312042236,2.7869873046875
3.1594741344451904,1.3016271591186523
3.6615166664123535,4.045169830322266
4.609954833984375,3.1106083393096924
2.8088550567626953,2.299598217010498
4.870596885681152,4.023056983947754
2.590846300125122,3.0032424926757812
4.260193347930908,3.6642374992370605
5.188408851623535,3.9647202491760254
3.997293710708618,1.4331986904144287
3.2149007320404053,4.374410629272461
3.1387851238250732,3.409782648086548
4.111048221588135,4.399385452270508
4.523197650909424,2.5747904777526855
4.681053161621094,4.445194244384766
5.145931720733643,4.500438690185547
2.8593032360076904,2.675368309020996
4.354100704193115,4.320603847503662
3.8605332374572754,4.176659107208252
5.047706127166748,3.972944974899292
2.032302141189575,2.8479480743408203
2.5408248901367188,2.8205997943878174
3.1030800342559814,3.8892922401428223
2.5782666206359863,2.5438332557678223
1.601359486579895,1.8288702964782715
3.040132999420166,3.801168441772461
1.814249873161316,2.1357827186584473
4.6570258140563965,4.3611860275268555
4.015852451324463,4.463384628295898
4.007070064544678,3.366396188735962
5.00180196762085,4.137786865234375
4.678752422332764,4.49883508682251
5.083791255950928,4.239991188049316
4.981420040130615,2.749722480773926
4.0917277336120605,4.502537727355957
4.023464202880859,4.45770788192749
3.5785844326019287,4.463688850402832
3.842898368835449,2.8015739917755127
4.687033653259277,2.608827829360962
4.491265296936035,4.151127815246582
3.1904823780059814,2.6734728813171387
1.4806526899337769,1.462289810180664
2.2700893878936768,3.2378270626068115
3.773513078689575,4.439462661743164
2.349334955215454,2.085292100906372
4.145866870880127,3.9453678131103516
2.0048468112945557,1.8461129665374756
3.378626823425293,3.4989120960235596
5.022145748138428,4.383458614349365
4.520205974578857,2.5081100463867188
4.012380123138428,4.0006890296936035
4.055073261260986,4.468531608581543
2.0558974742889404,2.718324661254883
5.5567169189453125,4.350695610046387
1.3649332523345947,2.280139684677124
4.633071422576904,4.457300186157227
4.226256370544434,4.417751789093018
4.710197925567627,4.421474456787109
4.344206809997559,3.7068800926208496
3.9293103218078613,4.31633186340332
3.9791250228881836,3.4212000370025635
2.9933598041534424,4.35527229309082
4.308637619018555,4.4183855056762695
3.8107566833496094,4.081590175628662
4.499227523803711,4.406599998474121
3.8707163333892822,3.5573039054870605
4.279338359832764,4.2635626792907715
4.424301624298096,3.9297127723693848
4.073892593383789,2.2912416458129883
4.967811584472656,4.034445762634277
2.634021759033203,4.0658440589904785
4.354460716247559,4.370287895202637
4.291851043701172,4.286850929260254
4.026147842407227,4.012721538543701
3.720273017883301,4.3365397453308105
1.032566785812378,2.7666940689086914
3.2172622680664062,4.393667697906494
5.327511310577393,3.740481376647949
2.2546546459198,1.1652400493621826
6.598844051361084,4.111985206604004
3.2594048976898193,2.7899463176727295
3.2205471992492676,4.112517833709717
3.2974162101745605,3.943300724029541
4.226378917694092,4.442490577697754
1.3554949760437012,2.2720210552215576
1.8231070041656494,4.291107177734375
3.6566736698150635,2.5559966564178467
2.5880563259124756,3.9451165199279785
2.7328851222991943,2.548044443130493
4.381678104400635,4.389586925506592
3.6714746952056885,3.123361587524414
3.31301212310791,1.8983736038208008
4.790347576141357,4.38532829284668
4.751172065734863,3.8305463790893555
0.7754632234573364,1.573257565498352
4.212601184844971,2.311958074569702
3.636383533477783,3.543618679046631
2.7884676456451416,2.1797938346862793
4.5255022048950195,4.419153213500977
4.821880340576172,3.868772268295288
3.6813430786132812,2.5377938747406006
3.972083568572998,3.8994269371032715
4.525462627410889,4.306968688964844
0.5971142649650574,2.29302978515625
4.052636623382568,2.6853785514831543
4.270479202270508,1.93590247631073
1.4575685262680054,2.312145709991455
5.902096271514893,4.477867126464844
5.176609992980957,3.7898311614990234
3.7628772258758545,3.8275551795959473
2.9933598041534424,4.353160381317139
1.2144607305526733,2.3742053508758545
1.7514623403549194,4.473923683166504
0.780010461807251,1.205757975578308
1.5049870014190674,2.092975616455078
3.3059442043304443,2.8212602138519287
3.901888370513916,3.7910103797912598
3.5590295791625977,2.555727958679199
3.8396010398864746,2.4682788848876953
5.009819507598877,4.146223545074463
5.569221496582031,4.122846603393555
4.2792887687683105,2.9189453125
3.323345184326172,3.033367156982422
1.1419891119003296,2.146012783050537
4.871742248535156,3.5795600414276123
4.935790538787842,4.146303176879883
4.235074996948242,4.344352722167969
4.763290882110596,3.6692111492156982
5.295465469360352,4.216759204864502
4.693700790405273,3.5166306495666504
3.6066837310791016,4.1960248947143555
1.1345664262771606,2.5327563285827637
2.0649938583374023,2.8603901863098145
4.214782238006592,4.429394721984863
4.392117977142334,4.350912094116211
4.599888324737549,4.066411018371582
4.977685928344727,2.1541593074798584
4.984817028045654,4.313044548034668
3.8466179370880127,4.356977462768555
1.1592694520950317,1.625741720199585
4.395259857177734,4.200434684753418
2.930088758468628,4.42856502532959
4.1673431396484375,4.49159574508667
0.5416161417961121,1.450423002243042
1.0428184270858765,2.1534664630889893
2.155113697052002,3.405366897583008
4.024773597717285,2.608734607696533
4.91234016418457,3.622884750366211
4.905826091766357,4.4682769775390625
2.7591614723205566,2.92417049407959
4.804853916168213,4.069012641906738
3.9503958225250244,3.560946464538574
4.463011264801025,4.133829116821289
2.070312738418579,2.1541824340820312
0.20509003102779388,2.4475417137145996
3.271718740463257,1.9665474891662598
3.0400607585906982,4.477581024169922
2.873863458633423,4.444112777709961
3.2059268951416016,2.2937803268432617
5.080697059631348,4.438621997833252
3.6235461235046387,4.340583324432373
3.9866061210632324,1.7505927085876465
5.225227355957031,4.257718086242676
4.355190277099609,4.380138874053955
4.457481384277344,4.4550371170043945
3.291106939315796,4.143989086151123
0.8416076302528381,2.055546760559082
4.541925430297852,4.465178966522217
5.416698455810547,4.5126519203186035
5.39633321762085,4.290014266967773
4.702053546905518,3.955012321472168
2.217947006225586,3.753115177154541
4.149438858032227,3.9291598796844482
4.478257179260254,4.497868537902832
4.160820484161377,4.456530570983887
1.4425736665725708,2.283658027648926
4.055793285369873,4.363384246826172
4.955904483795166,4.2745466232299805
1.4873483180999756,1.3899189233779907
3.1387851238250732,3.235614776611328
4.689620494842529,3.3624255657196045
3.737330198287964,3.0507736206054688
2.17419171333313,2.9658565521240234
2.085948944091797,3.395995855331421
3.916616201400757,1.3611921072006226
1.6780121326446533,1.9825756549835205
4.040277004241943,4.433427810668945
0.9491467475891113,2.6488029956817627
3.4183480739593506,3.661892890930176
2.8919193744659424,4.009861469268799
3.6501564979553223,2.7428696155548096
3.3995540142059326,4.303584575653076
4.9783759117126465,4.431857109069824
4.57837438583374,4.486114025115967
1.7584738731384277,3.614731788635254
4.30280065536499,4.2989349365234375
1.993795394897461,1.957231879234314
3.7855184078216553,4.4014434814453125
3.30008602142334,4.134264945983887
3.367902994155884,3.1744723320007324
4.2122297286987305,3.0276026725769043
4.383089542388916,3.087002992630005
2.041095495223999,2.616755485534668
3.6631455421447754,3.3276374340057373
1.9119324684143066,1.8154363632202148
4.471085548400879,4.464619159698486
4.982056617736816,4.225312232971191
2.325324773788452,1.7011029720306396
1.5756709575653076,1.7176666259765625
3.750481605529785,4.4463090896606445
6.1453857421875,4.374764919281006
3.2997655868530273,4.3746161460876465
3.2216341495513916,4.151233673095703
3.756169557571411,4.127094268798828
3.2238454818725586,4.361386299133301
3.534040927886963,3.7435383796691895
3.7904410362243652,4.335416793823242
4.846615314483643,4.487666606903076
4.488619804382324,4.486881732940674
3.7539374828338623,4.108104228973389
3.5586647987365723,4.307953357696533
3.4981231689453125,2.152524471282959
3.6792542934417725,3.44905948638916
2.3830015659332275,2.0174100399017334
4.307901382446289,3.894150733947754
3.279676675796509,4.382866859436035
5.809016227722168,4.252362251281738
1.7929472923278809,1.6505451202392578
5.788513660430908,4.233338356018066
3.8639907836914062,4.284004211425781
3.0806758403778076,4.499211311340332
4.04926872253418,1.4431265592575073
2.7063896656036377,4.043306350708008
5.422532081604004,4.3399200439453125
3.864537000656128,4.458781719207764
3.1983251571655273,4.341119289398193
2.587078094482422,4.43082332611084
3.5144405364990234,3.7154531478881836
2.4380035400390625,2.7369132041931152
4.849072456359863,3.703929901123047
4.758378982543945,4.387775421142578
4.969567775726318,4.084842681884766
4.133450031280518,3.998769760131836
4.613425254821777,4.2009196281433105
2.8781988620758057,3.2280726432800293
3.5014142990112305,2.3770837783813477
1.5716683864593506,1.6512819528579712
4.405892372131348,4.301102638244629
2.848228931427002,2.7108154296875
2.9364070892333984,2.223440170288086
3.899106740951538,4.14409065246582
4.148836612701416,4.002181053161621
2.8839428424835205,2.448307752609253
5.034164905548096,4.399008750915527
4.405345916748047,4.264561653137207
4.851373195648193,3.9773879051208496
1.9194241762161255,2.7568347454071045
4.564315319061279,4.005064964294434
5.826143741607666,2.7287425994873047
4.151684761047363,4.398496150970459
4.05495548248291,3.6487879753112793
4.587454319000244,3.787766695022583
4.9267706871032715,4.0676398277282715
3.8980424404144287,4.47122859954834
2.41961932182312,2.708141326904297
4.760869026184082,3.4833123683929443
2.543283462524414,2.860506772994995
2.1113526821136475,2.03082537651062
2.5725224018096924,3.2325589656829834
3.2578654289245605,4.387786865234375
4.1224565505981445,3.1172213554382324
2.242337703704834,2.129438638687134
4.0887017250061035,3.0214500427246094
1.6889816522598267,1.8585898876190186
3.3620147705078125,4.332270622253418
2.8475968837738037,4.076360702514648
4.906294345855713,3.9296324253082275
4.298140525817871,4.1144633293151855
3.640270709991455,4.475057601928711
2.5518832206726074,3.1274640560150146
4.870596885681152,3.1300454139709473
5.661632061004639,4.335903644561768
1.8971912860870361,2.6972756385803223
4.27151346206665,2.783644914627075
1.1636027097702026,1.1831377744674683
1.954049825668335,4.050734519958496
4.994347095489502,4.459560871124268
4.415978908538818,3.681781530380249
1.1869112253189087,2.132537603378296
4.867369174957275,2.637925386428833
5.258817195892334,2.529390811920166
1.8111252784729004,1.9965853691101074
3.7199418544769287,3.2775068283081055
2.8495044708251953,2.2996723651885986
3.599709987640381,4.389563083648682
3.6162171363830566,4.3212785720825195
2.599663019180298,2.7550554275512695
3.9352128505706787,3.554898500442505
4.2378315925598145,3.6259219646453857
4.537055492401123,3.8944568634033203
3.371016502380371,2.244948387145996
5.563421249389648,3.8757338523864746
4.879209995269775,2.2926385402679443
3.9971766471862793,4.467891693115234
4.849147319793701,4.4235148429870605
3.6843254566192627,3.839691638946533
2.14096736907959,2.6154820919036865
3.058220624923706,2.0971245765686035
3.7464160919189453,4.0916032791137695
3.2346742153167725,2.935098171234131
2.587026596069336,4.303676605224609
1.7383631467819214,1.8119468688964844
1.830134391784668,3.9617936611175537
6.187201976776123,4.464864730834961
5.661632061004639,4.415151596069336
4.436476707458496,4.051577568054199
1.7808269262313843,1.542857050895691
4.498219013214111,3.8378729820251465
3.3482825756073,2.5724005699157715
4.390079021453857,4.169733047485352
3.0290162563323975,4.067831993103027
4.794426918029785,3.8256795406341553
4.193183422088623,3.522869110107422
3.2457759380340576,4.147764205932617
3.1634488105773926,4.482931613922119
2.0481715202331543,1.7543445825576782
4.9497199058532715,4.314098834991455
2.8836677074432373,4.15664529800415
0.7299047112464905,1.2579662799835205
3.82576060295105,2.266211986541748
3.615107297897339,4.230634689331055
3.8069419860839844,4.233262062072754
4.589202404022217,4.4751200675964355
4.671758651733398,4.165533542633057
2.855221748352051,1.3987212181091309
1.4652000665664673,4.283812522888184
2.605229377746582,3.719531536102295
3.839566707611084,3.7095186710357666
3.751056432723999,4.501978397369385
5.369485855102539,4.454654693603516
1.5840121507644653,3.1873409748077393
4.177968502044678,4.257813930511475
3.3405911922454834,3.5387773513793945
0.44646313786506653,1.1221506595611572
4.26334810256958,4.2853169441223145
2.6200246810913086,3.471043586730957
4.443202495574951,3.335102081298828
2.561335802078247,4.303828239440918
3.3286595344543457,4.3106584548950195
4.784524917602539,4.506646156311035
4.696111679077148,4.404898643493652
4.165247917175293,3.278714179992676
4.959437847137451,4.414212703704834
5.016718864440918,4.285773277282715
0.4834655821323395,2.07350492477417
4.077541351318359,4.376077651977539
4.850251197814941,4.447896480560303
4.3367719650268555,3.7613391876220703
3.894876718521118,3.8439526557922363
4.840587615966797,4.425538539886475
4.451257705688477,3.483727216720581
3.5168776512145996,4.245326995849609
5.005002021789551,4.3168487548828125
4.066762447357178,3.212125301361084
3.5841333866119385,3.1951088905334473
4.368641376495361,3.327885389328003
2.976179599761963,3.2705984115600586
2.5258564949035645,2.039482355117798
3.6743886470794678,4.3538665771484375
5.509863376617432,4.254906177520752
4.68682336807251,4.317266941070557
4.460472583770752,4.3726935386657715
3.8446078300476074,4.334582328796387
3.834061861038208,3.6657168865203857
3.514414072036743,4.0151777267456055
4.970914840698242,4.463847637176514
5.227115154266357,3.980149269104004
4.737044334411621,4.307788848876953
3.952277898788452,4.461948394775391
3.720273017883301,3.4813616275787354
3.4572041034698486,4.508214950561523
5.364616394042969,2.6398816108703613
2.865217924118042,2.5921077728271484
3.223423957824707,2.750544548034668
3.4909684658050537,4.298011779785156
5.68798303604126,4.256328105926514
4.329710483551025,4.456350326538086
4.587382793426514,4.189962863922119
3.473116874694824,4.105601787567139
4.114617824554443,4.422059059143066
2.722555160522461,1.895541787147522
2.100743293762207,3.3183159828186035
1.9078093767166138,2.559640645980835
4.191746234893799,4.305044174194336
3.701789379119873,3.307584047317505
2.9451797008514404,4.303721904754639
4.157332897186279,4.280588150024414
3.8701016902923584,3.602572441101074
1.1914461851119995,2.80527925491333
5.543339252471924,4.292576789855957
5.019094944000244,2.257890462875366
4.955361843109131,1.817197322845459
4.433263778686523,4.235380172729492
3.7325527667999268,3.5058584213256836
1.8258123397827148,2.150794744491577
3.514414072036743,4.200340270996094
4.128979206085205,4.328583240509033
0.8409621715545654,2.5987560749053955
4.138513565063477,4.476719856262207
3.384155035018921,4.297047138214111
3.7148690223693848,3.8040804862976074
4.7978925704956055,4.238768100738525
4.039648056030273,2.1988110542297363
3.4538192749023438,2.2020936012268066
3.852048873901367,4.081623554229736
1.8063403367996216,2.5746657848358154
3.028236150741577,4.015347957611084
2.311055898666382,1.2882580757141113
4.432799339294434,4.2100677490234375
4.1698150634765625,4.427611351013184
2.105396032333374,2.497598171234131
0.010091413743793964,1.1195671558380127
4.063173294067383,4.19162654876709
3.735947608947754,3.222449779510498
1.3701012134552002,2.342944622039795
4.389152526855469,4.20841646194458
4.180370330810547,3.8974013328552246
1.4069278240203857,2.2112696170806885
2.3952386379241943,4.481583118438721
4.690698623657227,4.4396138191223145
5.132255554199219,3.5555648803710938
1.8735814094543457,2.2387566566467285
3.8615825176239014,4.071260452270508
3.8652801513671875,4.443959712982178
5.218857765197754,4.4659647941589355
4.021580219268799,3.114339590072632
4.779921054840088,3.6418838500976562
3.305446147918701,2.80301833152771
0.6307122111320496,1.7130162715911865
3.8328402042388916,4.366225242614746
0.7356326580047607,1.4832500219345093
4.965199947357178,4.166594505310059
5.071906089782715,4.496898651123047
4.0766472816467285,3.41434907913208
4.661612033843994,3.264528512954712
3.542259454727173,4.230918884277344
1.01255464553833,1.737198829650879
5.214187145233154,4.113949775695801
2.6429688930511475,4.357255458831787
4.025785446166992,3.90625
5.619875431060791,3.274472236633301
4.9250946044921875,4.496623992919922
3.356826066970825,3.9492785930633545
3.6460647583007812,1.9571963548660278
2.8002817630767822,1.6837363243103027
3.435915470123291,4.269723892211914
4.173908233642578,4.336245536804199
4.970542907714844,2.4826908111572266
1.0754790306091309,2.6447930335998535
3.917445421218872,4.351706504821777
4.781537055969238,4.271815776824951
3.820178270339966,4.45016622543335
2.664414167404175,2.5040535926818848
3.5988593101501465,4.348267555236816
1.8332632780075073,2.458545207977295
5.559422016143799,4.311851501464844
2.2125823497772217,2.0573368072509766
5.3075666427612305,4.451673984527588
3.5690579414367676,1.8197529315948486
3.7706384658813477,4.372766494750977
4.913856506347656,2.1335368156433105
4.436476707458496,2.4212896823883057
1.057334065437317,1.2271003723144531
2.234520196914673,2.0535266399383545
2.8062052726745605,4.028202056884766
3.6403799057006836,3.8575687408447266
3.7307000160217285,3.988039970397949
3.5623250007629395,2.585996627807617
5.39983606338501,3.3436570167541504
3.276249408721924,4.18867301940918
2.490163803100586,3.8760571479797363
1.8433647155761719,4.095861911773682
4.622589111328125,4.451764106750488
1.8268742561340332,1.402991771697998
4.096240520477295,4.499344825744629
2.8712732791900635,3.7152316570281982
3.577479600906372,4.380284309387207
4.0494256019592285,3.4461116790771484
1.8832966089248657,1.5510401725769043
4.433960914611816,4.115410804748535
1.9034756422042847,2.4030277729034424
3.893564224243164,4.352911949157715
4.2113447189331055,3.3104934692382812
3.174003839492798,2.8948373794555664
4.769222736358643,4.203062057495117
3.9293103218078613,4.5498480796813965
1.223582148551941,2.1120388507843018
4.487667560577393,4.350156307220459
4.071943283081055,3.722038745880127
5.023669719696045,4.497713088989258
5.8464460372924805,2.4217278957366943
0.9567311406135559,1.6871516704559326
0.6803541779518127,1.255047082901001
2.469562530517578,2.331634998321533
3.6965723037719727,2.1764941215515137
3.983243227005005,4.008002281188965
4.7759599685668945,3.475978374481201
4.790613174438477,4.309549331665039
4.7070207595825195,4.043165683746338
5.499256134033203,4.452695846557617
3.1061604022979736,1.464850902557373
3.2480902671813965,2.5944926738739014
5.224093914031982,3.454374313354492
4.610497951507568,3.3037376403808594
1.0460984706878662,2.0680041313171387
3.9582836627960205,2.5646779537200928
4.597000598907471,4.297525405883789
4.336656093597412,1.9048829078674316
5.198434352874756,3.980255603790283
4.176797866821289,4.191135406494141
4.468313694000244,3.9498114585876465
3.57503604888916,4.322061538696289
2.7777516841888428,2.5723695755004883
3.476377487182617,4.512654781341553
3.6468005180358887,3.0639944076538086
4.983000755310059,4.469901084899902
3.9375667572021484,4.294532775878906
2.779263973236084,4.368639945983887
5.543339252471924,3.617342472076416
2.4983386993408203,1.9004876613616943
5.448167324066162,3.5390844345092773
4.397009372711182,4.3668212890625
4.3582916259765625,4.45831298828125
4.851373195648193,4.480095863342285
5.176140308380127,3.5412888526916504
0.7774150371551514,1.3998318910598755
2.506669044494629,4.401899337768555
3.921596050262451,4.149500846862793
4.865035533905029,3.4653024673461914
3.5594403743743896,4.260528564453125
4.835083961486816,4.241568565368652
3.3842127323150635,4.174919605255127
2.8976964950561523,4.187402248382568
4.0042290687561035,4.2650146484375
4.218099594116211,4.0243706703186035
3.7687723636627197,4.074212074279785
3.2387874126434326,2.4392049312591553
3.387735366821289,3.9247007369995117
3.4439127445220947,2.4663877487182617
4.249497413635254,4.293801307678223
4.3335466384887695,4.277908802032471
3.994770050048828,4.319428443908691
5.114173412322998,4.411324501037598
3.7169387340545654,4.479644298553467
3.452249526977539,4.147263526916504
3.9450936317443848,4.197317123413086
3.9113731384277344,2.7046046257019043
1.7355724573135376,2.8036715984344482
3.378626823425293,4.427487373352051
6.244903564453125,4.114743232727051
3.899106740951538,3.235907554626465
5.567279815673828,1.8895151615142822
3.343750476837158,4.308577060699463
2.7796809673309326,2.5877723693847656
3.6133365631103516,3.6449079513549805
4.336369037628174,4.082573890686035
3.9128549098968506,4.4480743408203125
3.9471795558929443,3.786229133605957
4.552692413330078,4.418939590454102
4.562209606170654,4.08332633972168
3.8702127933502197,4.332426071166992
3.616840362548828,4.479263782501221
3.5937790870666504,4.353152275085449
4.596212387084961,4.138570308685303
3.073768138885498,3.950418710708618
4.652163028717041,4.255023956298828
5.249815464019775,4.204960823059082
3.110801935195923,2.419144630432129
4.84473180770874,4.056329250335693
4.195323467254639,4.294650077819824
5.0262370109558105,3.7404274940490723
4.471665382385254,4.255767345428467
5.901994228363037,4.215081214904785
3.608426332473755,4.370203971862793
4.727156639099121,3.7925331592559814
4.908422946929932,2.173231601715088
1.6294140815734863,2.8144803047180176
0.9000171422958374,1.4034149646759033
2.710469961166382,4.464663028717041
3.378422260284424,2.1200177669525146
3.7569830417633057,4.02664041519165
4.43148136138916,4.491997718811035
4.804853916168213,4.151242256164551
2.952324628829956,3.0197739601135254
1.0673713684082031,1.749155044555664
4.445903301239014,3.855319023132324
4.677812576293945,4.402639865875244
3.0152523517608643,2.333437919616699
2.1521003246307373,3.431148052215576
2.660348415374756,3.3829240798950195
3.452651023864746,4.192242622375488
4.634323596954346,3.9617135524749756
4.756556034088135,3.78434419631958
5.991190433502197,4.4484124183654785
2.5723183155059814,2.2152597904205322
3.781012773513794,4.374711990356445
0.7489140629768372,1.3398200273513794
1.2112280130386353,3.2133312225341797
2.3385820388793945,1.6293246746063232
4.729264736175537,4.081995964050293
3.743671178817749,4.409651756286621
3.218961000442505,2.2911994457244873
5.307292461395264,1.3571972846984863
5.304030895233154,4.308526039123535
2.5497708320617676,3.0236916542053223
4.493319511413574,3.541227102279663
4.807014465332031,4.268423080444336
5.042687892913818,4.367422103881836
2.294050455093384,3.5121407508850098
5.502112865447998,2.245087146759033
2.6912291049957275,3.4047346115112305
4.339013576507568,4.324436664581299
3.6926441192626953,4.308567047119141
3.8884642124176025,4.398420333862305
1.840876817703247,2.1714375019073486
3.779284715652466,4.414013862609863
3.6331629753112793,2.9758636951446533
3.071284055709839,3.9907164573669434
1.1436734199523926,2.787775993347168
4.258576393127441,2.7455389499664307
1.10414719581604,2.300384044647217
4.409538269042969,2.858516216278076
2.8150060176849365,4.286441802978516
3.0088276863098145,2.4296958446502686
4.630334377288818,2.9210829734802246
4.552966594696045,4.397836208343506
2.256122350692749,4.0456671714782715
4.205512523651123,4.4515814781188965
3.968217372894287,3.9195735454559326
2.93674635887146,4.276751518249512
4.310787677764893,4.383202075958252
2.2523491382598877,3.931759834289551
4.205512523651123,2.428074359893799
1.72564697265625,1.714583158493042
4.017395496368408,4.349640846252441
4.238107204437256,4.390371799468994
2.212897539138794,2.4746193885803223
4.094664096832275,1.9605942964553833
5.327193260192871,2.161428689956665
3.9523673057556152,2.3530325889587402
4.435385227203369,4.468990325927734
4.727245807647705,4.510679244995117
1.920684814453125,2.890800952911377
5.815737724304199,4.439538478851318
4.7416090965271,3.1912789344787598
4.552692413330078,1.90745210647583
4.205512523651123,4.472955703735352
1.421021819114685,2.8055152893066406
4.605775833129883,4.24216365814209
2.1564536094665527,2.079698324203491
2.5122616291046143,3.262227773666382
1.7901360988616943,2.4027814865112305
5.625184059143066,4.520089149475098
6.0194244384765625,4.388667583465576
2.6108946800231934,3.799654960632324
3.9655330181121826,2.0652198791503906
2.3631646633148193,3.180610418319702
4.880948543548584,4.427325248718262
3.795133113861084,4.095645427703857
3.9770309925079346,4.41643762588501
3.2028589248657227,4.237773895263672
4.403519630432129,2.0165164470672607
4.28114128112793,2.5717668533325195
4.229962348937988,3.737349271774292
4.235074996948242,4.348479270935059
3.550353765487671,3.900966167449951
4.4066338539123535,4.258105278015137
4.1094794273376465,4.387966156005859
3.1417899131774902,3.829415798187256
4.132608413696289,3.8344004154205322
1.9802134037017822,2.472395658493042
1.3996813297271729,2.354051351547241
5.474473476409912,3.6841588020324707
2.8650717735290527,2.1436376571655273
3.354992389678955,2.3611526489257812
2.2513058185577393,4.418123722076416
2.2819020748138428,2.134122371673584
2.530168294906616,1.8501994609832764
4.061428070068359,2.4038405418395996
2.5205934047698975,4.024596691131592
4.187978744506836,4.148412704467773
4.621942043304443,2.688619613647461
1.0561625957489014,2.69162917137146
5.661632061004639,2.166438102722168
1.270093321800232,1.9740406274795532
4.090976238250732,4.017660140991211
3.9380834102630615,3.2356772422790527
3.373494863510132,1.7429509162902832
4.365062236785889,4.4246015548706055
2.436149835586548,1.774247407913208
3.9293103218078613,3.302630662918091
4.73040771484375,4.304608345031738
3.658766031265259,3.970611572265625
0.44566354155540466,2.065103054046631
4.186788082122803,1.954845905303955
4.13140344619751,4.441987037658691
3.239137649536133,3.5626769065856934
4.565569877624512,4.2051801681518555
0.23308715224266052,1.5471282005310059
4.111902713775635,3.8103227615356445
5.015445709228516,3.990831136703491
4.980925559997559,4.4089226722717285
2.150322198867798,2.8553032875061035
4.464986801147461,3.417097568511963
5.324051856994629,2.546208381652832
5.151950836181641,2.72479248046875
1.912939190864563,3.2394776344299316
5.397606372833252,4.4470930099487305
4.198648452758789,4.239438533782959
4.324296474456787,4.211480140686035
5.661632061004639,4.439603805541992
4.187357425689697,2.4220798015594482
4.3569440841674805,4.403871536254883
1.2667245864868164,1.4896306991577148
4.8424177169799805,4.250750541687012
3.9923758506774902,4.421038627624512
6.117066860198975,4.233664035797119
3.4862256050109863,3.5719168186187744
3.1633455753326416,2.225482702255249
3.3897337913513184,4.498971939086914
1.0179177522659302,2.7391135692596436
1.1270456314086914,2.1899681091308594
2.0577285289764404,3.029541492462158
3.820178270339966,4.354352951049805
4.807014465332031,4.445826530456543
4.104072093963623,4.245048999786377
5.597573757171631,4.234943866729736
3.1196000576019287,2.798323392868042
5.341132164001465,1.2797229290008545
5.0038557052612305,4.319717884063721
4.471529960632324,3.875200033187866
0.9271928668022156,2.1668787002563477
1.901561975479126,1.06075918674469
1.5388849973678589,1.2774288654327393
4.57837438583374,4.443575859069824
3.8731086254119873,2.0592222213745117
2.2249746322631836,3.4809327125549316
5.037150859832764,4.515127182006836
4.159475803375244,3.82248854637146
3.696671724319458,4.51629114151001
3.867255210876465,2.984349250793457
3.4606645107269287,3.2306315898895264
4.258773326873779,3.9648168087005615
5.00180196762085,3.9462153911590576
4.277318954467773,2.36917781829834
1.5117069482803345,2.558830738067627
3.3863751888275146,2.6902952194213867
4.471991539001465,3.134178400039673
3.7300078868865967,3.6883578300476074
4.289959907531738,2.9196720123291016
4.0702900886535645,4.177607536315918
4.4377288818359375,3.937027931213379
4.2534332275390625,4.35488748550415
1.660053014755249,1.8495182991027832
3.2304182052612305,4.451478958129883
3.4587929248809814,4.083799362182617
3.250849485397339,2.729487895965576
3.2557168006896973,2.5424768924713135
4.276371955871582,4.3949456214904785
3.595898389816284,4.026888370513916
3.222534418106079,4.427156448364258
3.0957372188568115,4.175394058227539
4.928764820098877,2.296518325805664
2.847670793533325,2.2931652069091797
4.23154354095459,4.483012676239014
4.123172283172607,4.320481300354004
4.685683250427246,1.7180147171020508
5.045307159423828,4.367325305938721
5.227513790130615,4.465960502624512
4.599888324737549,4.478644847869873
2.928981304168701,1.6715052127838135
3.5789451599121094,4.473606109619141
5.080546855926514,4.263398170471191
4.361837387084961,4.308104038238525
2.6429688930511475,4.464804649353027
4.204372406005859,2.2928452491760254
1.5590201616287231,2.2214059829711914
4.069804668426514,4.416393280029297
4.4959282875061035,4.254826068878174
4.078031539916992,4.454367637634277
3.5905659198760986,3.651120662689209
4.069195747375488,2.946963310241699
3.1061604022979736,4.391233444213867
2.9473729133605957,4.039548873901367
4.257233142852783,2.384312629699707
5.1825761795043945,3.9436569213867188
1.5758414268493652,4.02575159072876
2.7061398029327393,3.534794807434082
1.1406872272491455,2.6295926570892334
4.894672870635986,4.13433837890625
3.343750476837158,4.286365032196045
5.305908679962158,2.9478635787963867
3.7091031074523926,3.999774932861328
3.683030843734741,4.218780994415283
4.03570032119751,4.160382270812988
4.746501445770264,4.478328227996826
0.9974636435508728,1.741491675376892
3.6422529220581055,4.285611152648926
3.54036021232605,3.374694585800171
1.39571213722229,2.8295586109161377
3.3563413619995117,4.41305685043335
1.7377574443817139,1.6758694648742676
3.545133113861084,2.277986526489258
4.189957618713379,4.397117614746094
3.600623846054077,2.4919276237487793
3.6206376552581787,4.231901168823242
4.397337913513184,2.3850111961364746
3.2998385429382324,1.6249115467071533
2.4439966678619385,3.1098568439483643
3.428758144378662,4.400389671325684
1.3902980089187622,1.7826842069625854
4.649971008300781,4.181705474853516
4.202725410461426,4.258006572723389
4.371182918548584,3.8609907627105713
3.0555455684661865,2.075986623764038
2.747810125350952,2.1126108169555664
2.4975063800811768,3.849799156188965
4.394922733306885,4.374237060546875
1.481236457824707,2.7268383502960205
4.82965087890625,4.36128044128418
4.281777858734131,4.3757429122924805
2.7982375621795654,2.426840305328369
4.881694793701172,4.055891513824463
3.6950080394744873,2.1198313236236572
4.630488872528076,4.513272285461426
1.8424513339996338,2.1548991203308105
3.0778067111968994,4.439719200134277
2.832181215286255,2.4731812477111816
2.856818675994873,4.363337516784668
4.091516494750977,2.722550392150879
3.74418044090271,2.0426506996154785
2.8288564682006836,4.062141418457031
3.87249493598938,2.182438850402832
4.224091529846191,4.383054256439209
4.368764877319336,1.727315902709961
2.6869537830352783,4.316431999206543
5.7205047607421875,4.350317478179932
1.8886895179748535,2.3068389892578125
4.930033206939697,4.283942699432373
4.176688194274902,1.8024955987930298
2.3034493923187256,1.5467963218688965
3.56245493888855,4.498788356781006
0.9378982782363892,1.769500970840454
4.447071075439453,3.196774482727051
4.374963760375977,3.9397177696228027
5.449061393737793,4.3466691970825195
4.429213047027588,3.648681879043579
4.931300640106201,4.093883514404297
4.607490062713623,3.830129623413086
4.117922782897949,1.994748592376709
0.7757630944252014,2.6690878868103027
2.201698064804077,2.001905679702759
4.38066291809082,4.1284074783325195
4.503489971160889,4.404619216918945
0.8194103837013245,2.360717535018921
4.143679141998291,4.335172653198242
3.807795286178589,4.449872016906738
4.044532299041748,4.378795623779297
4.284115791320801,3.523402690887451
0.7996312975883484,1.433670997619629
3.9943385124206543,4.049192428588867
3.075312852859497,2.7298946380615234
4.654812812805176,1.8283005952835083
3.1437833309173584,4.328548431396484
3.858809232711792,4.226701736450195
5.79738187789917,2.9274027347564697
4.589245796203613,3.6843390464782715
3.637916088104248,3.9856908321380615
3.2829036712646484,4.424080848693848
3.775245428085327,4.4737162590026855
4.536063194274902,2.1047072410583496
4.238040924072266,3.6462416648864746
4.105715751647949,3.706840991973877
1.5382646322250366,1.4351752996444702
4.208450794219971,4.2953081130981445
6.590878486633301,4.130939960479736
3.5625662803649902,2.596421480178833
3.6718313694000244,2.7475204467773438
2.6874310970306396,3.079892158508301
1.600056529045105,1.399500846862793
4.858114242553711,3.9526681900024414
3.519822120666504,4.410185813903809
4.814167499542236,3.9226603507995605
3.0778067111968994,3.2984349727630615
4.461311340332031,4.359227180480957
4.340325355529785,3.531721591949463
5.00180196762085,3.7904438972473145
3.448713779449463,3.9762651920318604
5.122439861297607,4.424240589141846
4.462611675262451,3.9744067192077637
4.104072093963623,4.395730018615723
1.1002466678619385,3.4439549446105957
2.310091018676758,2.419811725616455
3.9507532119750977,3.061267375946045
4.0759758949279785,4.4495930671691895
5.887131214141846,4.454556941986084
5.212482452392578,4.326264381408691
2.7684483528137207,3.7924256324768066
2.7644550800323486,3.9468576908111572
4.196245193481445,4.29259729385376
3.9121930599212646,4.158394813537598
4.7152419090271,3.426696300506592
3.085524559020996,4.475156307220459
4.2174601554870605,4.220526695251465
3.7886545658111572,4.286991119384766
1.6833425760269165,2.218137741088867
5.241374969482422,3.173738718032837
1.2107141017913818,3.4478397369384766
5.674947738647461,4.407868385314941
3.6693546772003174,4.333327293395996
4.394922733306885,3.8854916095733643
5.072902679443359,4.305309772491455
4.011907577514648,4.531087875366211
5.384903430938721,3.8069729804992676
1.1482352018356323,2.657316207885742
3.306567907333374,4.38666296005249
3.5160913467407227,3.4457015991210938
2.367262601852417,2.4915637969970703
4.426606178283691,1.4157273769378662
4.531184673309326,4.059322834014893
3.85520076751709,4.013444423675537
2.4142603874206543,2.1200568675994873
2.349226713180542,2.230239152908325
4.96050500869751,4.491822242736816
5.077633857727051,2.530695915222168
0.9572489857673645,1.6359235048294067
4.4959282875061035,4.426203727722168
2.7034780979156494,2.864190101623535
2.967349052429199,2.397256374359131
5.06035041809082,4.404123306274414
4.079408645629883,4.409989356994629
2.150041103363037,2.5684986114501953
1.222183346748352,1.237354040145874
3.0400607585906982,4.32855224609375
0.6260929107666016,1.0992279052734375
1.9590743780136108,2.353339195251465
5.531893253326416,4.0159831047058105
4.88300085067749,4.029351234436035
4.858114242553711,4.003779411315918
1.0901285409927368,1.530519962310791
3.889068841934204,4.385961055755615
4.931300640106201,4.231032371520996
6.346314907073975,3.7731471061706543
3.9153895378112793,4.287815570831299
3.63216495513916,4.469964504241943
5.202146530151367,2.300727367401123
4.047205924987793,2.4245400428771973
5.041452884674072,1.7298054695129395
1.271647572517395,2.996793270111084
2.9530627727508545,1.8983370065689087
3.1452319622039795,4.461045265197754
5.057330131530762,4.318188667297363
4.713832855224609,4.086158752441406
0.30151504278182983,1.6146316528320312
3.2322945594787598,3.087445020675659
3.994770050048828,4.433308124542236
3.3818771839141846,4.501235485076904
2.490243911743164,2.211188793182373
4.038426399230957,3.8505308628082275
0.7859219908714294,1.2803163528442383
4.336008548736572,2.1476943492889404
2.3401081562042236,2.2038254737854004
5.059194087982178,4.306140899658203
4.5323872566223145,4.470231533050537
2.6536121368408203,2.185133695602417
4.516404151916504,4.330394744873047
4.594063758850098,4.377331256866455
4.393439769744873,3.97092342376709
4.988113880157471,4.367286205291748
1.329996109008789,2.060466766357422
3.490985870361328,1.9250597953796387
1.486020803451538,3.8287477493286133
3.4221441745758057,3.62551212310791
5.494544506072998,4.220329284667969
1.5801832675933838,2.118666172027588
5.404974460601807,3.46856689453125
3.577479600906372,4.338798999786377
4.203577518463135,3.7134389877319336
4.824285507202148,2.79830265045166
4.526895999908447,4.155375957489014
3.555856227874756,4.420723915100098
6.129915714263916,4.466801166534424
3.9395689964294434,4.03740119934082
3.395202398300171,3.829058885574341
4.393956661224365,4.107583045959473
3.435915470123291,4.3738250732421875
3.0699691772460938,4.393929481506348
2.5915169715881348,2.138101100921631
4.131188869476318,4.2593817710876465
3.6501564979553223,4.203478813171387
0.7997127175331116,2.609246253967285
4.870596885681152,4.210074424743652
3.8504786491394043,4.107234954833984
2.920952558517456,2.452791929244995
0.6441133618354797,1.2363965511322021
5.094071865081787,2.812082052230835
3.259303569793701,3.7154619693756104
4.852308750152588,4.3819379806518555
3.546438455581665,3.768949508666992
2.7189643383026123,1.6646136045455933
4.185164928436279,4.396341800689697
1.1967169046401978,1.9806689023971558
1.6469823122024536,4.206240653991699
3.5260369777679443,3.4586594104766846
4.71089506149292,4.050663948059082
3.556079626083374,2.727421998977661
2.265838384628296,2.535888195037842
3.21110463142395,2.5315582752227783
1.7789136171340942,2.342907667160034
4.659100532531738,4.255384922027588
5.118861675262451,4.170868873596191
4.563812255859375,3.9335904121398926
3.093360662460327,3.7604169845581055
3.828333616256714,4.215719223022461
4.317376136779785,4.510071754455566
3.729848861694336,3.4694857597351074
5.263880729675293,4.186427116394043
3.880722761154175,1.5605394840240479
4.775777339935303,4.361451148986816
4.1613640785217285,4.303341865539551
2.534839630126953,3.7763381004333496
5.0648674964904785,4.07852840423584
3.7455480098724365,2.4498424530029297
2.7588868141174316,4.015183448791504
4.585021018981934,4.2824554443359375
4.580211639404297,4.537271976470947
3.960174560546875,1.338092565536499
0.4083361029624939,1.16861093044281
3.822683572769165,4.461544036865234
3.2755730152130127,4.395816802978516
3.9955637454986572,2.5218935012817383
4.327558994293213,4.48698616027832
2.9871416091918945,3.4493517875671387
3.659323215484619,4.482293128967285
3.4080958366394043,2.9542973041534424
5.806119918823242,1.5808942317962646
3.2242543697357178,3.7037513256073
4.0494256019592285,4.358157634735107
3.4535512924194336,4.366079807281494
0.6624704599380493,1.4069337844848633
1.0264756679534912,1.3444418907165527
5.005064964294434,4.4137773513793945
1.2797141075134277,1.4421494007110596
4.481794357299805,3.9815375804901123
4.851373195648193,3.796715259552002
5.6002888679504395,4.122899055480957
1.4365322589874268,2.181293487548828
5.8795061111450195,4.4465484619140625
4.77587890625,3.4853451251983643
3.9286017417907715,4.366004943847656
4.792648792266846,4.070640563964844
2.958819627761841,1.0536404848098755
3.7919063568115234,2.7506771087646484
5.011053562164307,4.569305896759033
6.47096586227417,4.367062091827393
4.157332897186279,4.053189277648926
0.46577298641204834,2.1823084354400635
4.188409328460693,4.4655938148498535
3.6421473026275635,2.0265612602233887
2.694047689437866,2.5111758708953857
4.092169284820557,4.423647880554199
4.510497570037842,4.402503967285156
4.612934589385986,4.31852388381958
5.8528289794921875,4.464089393615723
1.2386043071746826,2.1743721961975098
2.5391154289245605,4.194313049316406
3.4122207164764404,2.3034000396728516
1.0530083179473877,1.797803282737732
1.2003381252288818,1.8901890516281128
4.638162612915039,4.404569625854492
3.6847853660583496,2.447266101837158
4.415053844451904,3.9933793544769287
2.355090856552124,3.139585018157959
3.438387393951416,4.286208152770996
3.694141387939453,3.30216646194458
3.4739181995391846,2.9690775871276855
