sequence,Total_CDR_Length,PSH_proxy,PPC_proxy,PNC_proxy,SFvCSP_proxy,net_charge,hydrophobic_fraction,source
AAVGGSDLSDSVIYFDI,17.0,1.0,0.0,0.5,0.058823529411764705,-3.0,0.5294117647058824,generated
ARLLSIAAGTGSSYDYMDI,19.0,0.75,0.25,0.5,0.15789473684210525,-1.0,0.5263157894736842,generated
ARDAKGPWWGDGFDY,15.0,0.5,0.5,0.5,0.2,-1.0,0.4,generated
ARDSDSYVNYGDS,13.0,0.75,0.25,0.5,0.0,-2.0,0.3076923076923077,generated
ARDRGTYLGYYRVFDY,16.0,0.75,0.5,0.25,0.0625,1.0,0.5,generated
AHDSGGLLWFDEFYQFDV,18.0,1.0,0.25,0.5,0.16666666666666666,-3.0,0.5,generated
AREARPADPLHYFNWLDY,18.0,0.75,0.5,0.25,0.0,0.0,0.5,generated
ARVSYQNSFGYDFGADY,17.0,0.5,0.25,0.25,0.17647058823529413,-1.0,0.47058823529411764,generated
ARGPPYGSDYYWFY,14.0,1.0,0.25,0.25,0.14285714285714285,0.0,0.5,generated
ARDVTSFPEESYIP,14.0,0.5,0.25,0.5,0.14285714285714285,-2.0,0.35714285714285715,generated
ARDANYDGMDFDY,13.0,0.5,0.25,0.5,0.23076923076923078,-3.0,0.46153846153846156,generated
AKDGFSYYVEYLFYS,15.0,1.0,0.25,0.25,0.06666666666666667,-1.0,0.6,generated
ARDYPSSNYRSYFYY,15.0,1.0,0.25,0.25,0.06666666666666667,1.0,0.4666666666666667,generated
ARVRTLEYVYYELYFDPYF,19.0,1.0,0.5,0.25,0.15789473684210525,-1.0,0.631578947368421,generated
ARGHVSAGSSAYYDV,15.0,0.75,0.5,0.25,0.2,1.0,0.4666666666666667,generated
ARVGPVFGGWDFIYWFDF,18.0,1.0,0.25,0.25,0.16666666666666666,-1.0,0.6111111111111112,generated
AKAPYAGTRVGAFDF,15.0,0.75,0.25,0.25,0.06666666666666667,1.0,0.5333333333333333,generated
TRPMYHYGLSTYTASDY,17.0,0.75,0.25,0.25,0.17647058823529413,1.0,0.4117647058823529,generated
ARDGSYSDWGWSTANDI,17.0,0.5,0.25,0.25,0.0,-2.0,0.35294117647058826,generated
ARDIEATKIYDLDI,14.0,0.75,0.25,0.5,0.0,-2.0,0.5,generated
AKDEINLASYGFDY,14.0,0.75,0.25,0.5,0.0,-2.0,0.5,generated
AREGDIYDQDYLADEY,16.0,0.75,0.25,0.5,0.0625,-5.0,0.4375,generated
ARDPYEYGTYFDIFGYDF,18.0,0.75,0.25,0.5,0.05555555555555555,-3.0,0.5,generated
ATDGFYGTQGEYDDFGY,17.0,0.5,0.0,0.75,0.11764705882352941,-4.0,0.35294117647058826,generated
AKGMGYMSLSYYYYFDI,17.0,1.0,0.25,0.25,0.11764705882352941,0.0,0.6470588235294118,generated
ARGAGFAEAYLPYFGFDS,18.0,0.75,0.25,0.25,0.05555555555555555,-1.0,0.5555555555555556,generated
AKGVTPTSQLRGFYFDI,17.0,0.75,0.25,0.25,0.058823529411764705,1.0,0.4117647058823529,generated
ATHSSVGYGCVDAFDL,16.0,0.75,0.25,0.5,0.1875,-1.0,0.4375,generated
ARDDGLRAYVGDNYYYYYM,19.0,1.0,0.25,0.5,0.05263157894736842,-1.0,0.5789473684210527,generated
ARVYSDFYRFEDDRYFDV,18.0,0.75,0.25,0.75,0.2222222222222222,-2.0,0.5,generated
ARETPYYSLTVYVFDY,16.0,1.0,0.25,0.25,0.0625,-1.0,0.5625,generated
AREMASTRYTFYG,13.0,0.75,0.25,0.25,0.07692307692307693,1.0,0.46153846153846156,generated
ARANPADPGTCVVDL,15.0,0.75,0.25,0.25,0.06666666666666667,-1.0,0.4,generated
ARDGHQGSSPEPCYDYFDS,19.0,0.75,0.5,0.5,0.21052631578947367,-2.0,0.21052631578947367,generated
ATDGFYSDNSSSGWFPV,17.0,0.75,0.0,0.25,0.11764705882352941,-2.0,0.35294117647058826,generated
ARDVSDDTAFDFLD,14.0,0.75,0.25,0.5,0.0,-4.0,0.42857142857142855,generated
AREGEISYYSFSYGWWMYV,19.0,1.0,0.25,0.5,0.05263157894736842,-1.0,0.5789473684210527,generated
ARSLWGVYLSLVDF,14.0,0.75,0.25,0.25,0.14285714285714285,0.0,0.6428571428571429,generated
AKSSIYMAWLGGFV,14.0,1.0,0.25,0.0,0.07142857142857142,1.0,0.6428571428571429,generated
AREPYVYEAAYFGS,14.0,1.0,0.25,0.25,0.07142857142857142,-1.0,0.5714285714285714,generated
AKEGYDSGEYYYYFYI,16.0,1.0,0.25,0.5,0.0,-2.0,0.5625,generated
ARRPGYGDRSSFFG,14.0,0.5,0.5,0.25,0.14285714285714285,2.0,0.2857142857142857,generated
ARIRGISIGYDLDW,14.0,0.5,0.5,0.5,0.2857142857142857,0.0,0.5,generated
AHEKLYRYLGDSWDY,15.0,0.75,0.5,0.5,0.26666666666666666,0.0,0.4666666666666667,generated
ARARELGGETHHFY,14.0,0.5,0.5,0.25,0.0,2.0,0.35714285714285715,generated
GRARGRGSSGSTMYL,15.0,0.75,0.5,0.0,0.2,3.0,0.26666666666666666,generated
AKRFGYSWYNHFMN,14.0,0.75,0.5,0.0,0.07142857142857142,3.0,0.5,generated
VRSIRYFTPYFVY,13.0,1.0,0.5,0.0,0.15384615384615385,2.0,0.6153846153846154,generated
ARSRTMGDFYPMHD,14.0,0.75,0.5,0.25,0.21428571428571427,1.0,0.35714285714285715,generated
ARDLDYSVLDTPYWDY,16.0,0.75,0.25,0.5,0.0625,-3.0,0.5,generated
ARDPWGNWAFYDPTYNGFDY,20.0,1.0,0.25,0.25,0.1,-2.0,0.45,generated
ARGSQTTDFSPYDN,14.0,0.5,0.25,0.25,0.21428571428571427,-1.0,0.21428571428571427,generated
ARTSDPSTVGYAFDY,15.0,0.75,0.25,0.25,0.06666666666666667,-1.0,0.4,generated
ARNRSSLGLMVRAYYAFDP,19.0,1.0,0.5,0.25,0.10526315789473684,2.0,0.5263157894736842,generated
VRARDHDAGGYANYHDG,17.0,0.75,0.5,0.5,0.058823529411764705,1.0,0.35294117647058826,generated
ARASYDFAGTDRYYFEF,17.0,0.75,0.25,0.25,0.058823529411764705,-1.0,0.5294117647058824,generated
ASDYGYGGGEYYAMDY,16.0,1.0,0.0,0.25,0.0625,-3.0,0.5,generated
ARAGSLSIHFDSYD,14.0,0.5,0.25,0.5,0.14285714285714285,0.0,0.42857142857142855,generated
AGAGDHTGGEYYMDI,15.0,0.75,0.25,0.25,0.13333333333333333,-2.0,0.4,generated
ARDLGTYYWGGYSGYGGMDF,20.0,0.75,0.25,0.25,0.05,-1.0,0.45,generated
VREEIYYFDGATMY,14.0,1.0,0.25,0.5,0.0,-2.0,0.5714285714285714,generated
ARTVYYYSVYHDYSTYD,17.0,1.0,0.25,0.25,0.11764705882352941,0.0,0.5294117647058824,generated
ARRYTVSGWSDDGFDY,16.0,0.5,0.5,0.5,0.3125,-1.0,0.375,generated
ARNPDTGYRYGVFYDYGFDF,20.0,0.75,0.25,0.25,0.15,-1.0,0.45,generated
AKVIGDGYYDFVP,13.0,0.75,0.25,0.25,0.07692307692307693,-1.0,0.5384615384615384,generated
ARDKRPASVGTYSYYPYGF,19.0,0.75,0.75,0.25,0.10526315789473684,2.0,0.42105263157894735,generated
ARVMELWEGMDYPSYFDI,18.0,0.75,0.25,0.5,0.05555555555555555,-3.0,0.5555555555555556,generated
TREGQYGTAYSGDAM,15.0,0.5,0.25,0.25,0.06666666666666667,-1.0,0.3333333333333333,generated
ARQMPVLYLDGDVYVYGMDY,20.0,1.0,0.25,0.5,0.1,-2.0,0.6,generated
ARHLDTSWLDFYY,13.0,0.75,0.5,0.25,0.15384615384615385,0.0,0.5384615384615384,generated
ARDGGRGGHYSYFD,14.0,0.75,0.5,0.25,0.07142857142857142,1.0,0.2857142857142857,generated
AKGSVQVRRRNFDY,14.0,0.5,0.75,0.25,0.07142857142857142,3.0,0.35714285714285715,generated
ARDASYRGQGSYWFFDV,17.0,1.0,0.25,0.25,0.11764705882352941,0.0,0.47058823529411764,generated
ARDGVAIYYGGSSDKGFDM,19.0,1.0,0.25,0.25,0.05263157894736842,-1.0,0.42105263157894735,generated
AAPACNRGSCHDGFDM,16.0,0.75,0.25,0.5,0.125,0.0,0.3125,generated
ARGRWGTGFHEYEGYYYVDF,20.0,1.0,0.5,0.5,0.3,0.0,0.45,generated
ASVKGSSFGDYLDY,14.0,0.75,0.25,0.5,0.21428571428571427,-1.0,0.42857142857142855,generated
VRGFEEGDGSGYGLVY,16.0,0.75,0.25,0.75,0.125,-2.0,0.375,generated
ARVGGGYYYGYSFDY,15.0,0.75,0.25,0.25,0.13333333333333333,0.0,0.5333333333333333,generated
AKGPSTDGDDYGD,13.0,0.25,0.25,0.75,0.38461538461538464,-3.0,0.15384615384615385,generated
ARARSYYNNCSTYGMPY,17.0,0.5,0.5,0.0,0.11764705882352941,2.0,0.4117647058823529,generated
AGTMDAGTSACYDD,14.0,0.5,0.0,0.5,0.07142857142857142,-3.0,0.35714285714285715,generated
AKDLGYMDSLYSMLFDL,17.0,0.75,0.25,0.25,0.0,-2.0,0.5882352941176471,generated
ARRRRYWTSATEPLFDI,17.0,0.75,1.0,0.25,0.35294117647058826,2.0,0.4117647058823529,generated
TRGHGYTETYSGFDV,15.0,0.5,0.5,0.25,0.26666666666666666,0.0,0.26666666666666666,generated
ARPLGAYMYYGTYYY,15.0,1.0,0.25,0.0,0.06666666666666667,1.0,0.6666666666666666,generated
ARAFVFDDYFFPP,13.0,1.0,0.25,0.5,0.23076923076923078,-1.0,0.6153846153846154,generated
ARALTGGGYQPPSYQW,16.0,0.75,0.25,0.0,0.0625,1.0,0.375,generated
AKVGGSGMACGYYFDI,16.0,0.75,0.25,0.25,0.125,0.0,0.5,generated
ARDTDLSSSGGFDY,14.0,0.5,0.25,0.5,0.0,-2.0,0.2857142857142857,generated
AKDVKYFDQGDNDDFPV,17.0,0.75,0.5,0.75,0.17647058823529413,-3.0,0.35294117647058826,generated
ARSACYTPPCYDAFDV,16.0,0.75,0.25,0.5,0.1875,-1.0,0.4375,generated
AKAGDVDIGFDDYYPNDY,18.0,0.5,0.25,0.5,0.1111111111111111,-4.0,0.4444444444444444,generated
AREPYAGGVYGGYPDFYFDI,20.0,0.75,0.25,0.25,0.1,-2.0,0.5,generated
ARERGRDISYRHYGFDY,17.0,0.5,0.5,0.25,0.0,2.0,0.35294117647058826,generated
ATGSAADNSVGYTGFPAAS,19.0,0.75,0.0,0.25,0.05263157894736842,-1.0,0.42105263157894735,generated
ARDLGSDSNFLNS,13.0,0.5,0.25,0.25,0.07692307692307693,-1.0,0.3076923076923077,generated
ATGISPTNPDNGYFRGYMDV,20.0,0.75,0.25,0.25,0.05,-1.0,0.35,generated
AREGGIVYADGYV,13.0,1.0,0.25,0.25,0.07692307692307693,-1.0,0.5384615384615384,generated
AREGGDPIYTISWDFDY,17.0,0.75,0.25,0.5,0.058823529411764705,-3.0,0.4117647058823529,generated
ARASVESIEDFDY,13.0,0.5,0.25,0.75,0.23076923076923078,-3.0,0.46153846153846156,generated
AKGGYYYAGFLDY,13.0,1.0,0.25,0.25,0.15384615384615385,0.0,0.6153846153846154,generated
ARGSGQNSWVFYFYGFFDK,19.0,1.0,0.25,0.25,0.05263157894736842,1.0,0.47368421052631576,generated
AKDGGGRYSWGCLSMDF,17.0,0.5,0.25,0.25,0.11764705882352941,0.0,0.35294117647058826,generated
AKGQAYQGFGVDYKRGS,17.0,0.5,0.5,0.25,0.0,2.0,0.35294117647058826,generated
ARSFDYPGYDPDHANDF,17.0,0.5,0.25,0.5,0.11764705882352941,-2.0,0.35294117647058826,generated
ARDAGGLVFVVDARFYFFDY,20.0,1.0,0.25,0.25,0.05,-1.0,0.65,generated
VRDTVDSWDLSFDW,14.0,0.5,0.25,0.5,0.07142857142857142,-3.0,0.42857142857142855,generated
TRVGYGIDSGSYDDLDY,17.0,0.5,0.25,0.75,0.17647058823529413,-3.0,0.35294117647058826,generated
ARDRNVDSYINYGFYY,16.0,0.75,0.5,0.25,0.0,0.0,0.5,generated
AAPYCHGTTCNDGFDI,16.0,0.75,0.25,0.5,0.1875,-1.0,0.3125,generated
ARDIGPSTGGSGYGGY,16.0,0.5,0.25,0.25,0.0,0.0,0.25,generated
AHESLVRALSSDGYYE,16.0,0.75,0.25,0.25,0.1875,-1.0,0.4375,generated
ARDRSYSWPGDYFDYYY,17.0,0.75,0.5,0.5,0.17647058823529413,-1.0,0.47058823529411764,generated
ARTTPTTYSSYYTDDS,16.0,0.5,0.25,0.5,0.1875,-1.0,0.25,generated
ARDLPGLPYNFYPYGMDY,18.0,0.75,0.25,0.25,0.05555555555555555,-1.0,0.5,generated
GRPRGHYFDGEFIDYGY,17.0,0.75,0.5,0.5,0.35294117647058826,0.0,0.35294117647058826,generated
AKGVGPDSSDSVYYDYFDL,19.0,0.75,0.25,0.5,0.15789473684210525,-3.0,0.42105263157894735,generated
AREYGLAIDRWWFDV,15.0,0.75,0.25,0.25,0.06666666666666667,-1.0,0.6,generated
AIEPYQGAAYSAGGFYQ,17.0,0.75,0.0,0.25,0.058823529411764705,-1.0,0.5294117647058824,generated
TRGASVPGGDVDD,13.0,0.5,0.25,0.75,0.3076923076923077,-2.0,0.23076923076923078,generated
ATHEYYYSLDVHYYEYFDF,19.0,0.75,0.25,0.5,0.10526315789473684,-2.0,0.5789473684210527,generated
AKSSGRWGFASDD,13.0,0.75,0.25,0.5,0.3076923076923077,0.0,0.3076923076923077,generated
AKESIVTWMGGGYCTGQMDI,20.0,0.75,0.25,0.25,0.05,-1.0,0.4,generated
AKGAMDKDLETTFV,14.0,0.5,0.25,0.5,0.21428571428571427,-1.0,0.42857142857142855,generated
ARHLNSMAAGANFP,14.0,0.75,0.5,0.0,0.14285714285714285,2.0,0.5,generated
ARKPGRVSSMTAFIFDD,17.0,1.0,0.5,0.5,0.29411764705882354,1.0,0.4117647058823529,generated
ARARYYYCGEYSYNYWFDV,19.0,0.75,0.5,0.25,0.21052631578947367,0.0,0.5789473684210527,generated
TADKSPWIILVSYAFEV,17.0,1.0,0.25,0.25,0.058823529411764705,-1.0,0.5882352941176471,generated
ARHEDELVDWDYDY,14.0,0.75,0.5,0.75,0.14285714285714285,-4.0,0.42857142857142855,generated
ARSPGYYFFAFDP,13.0,1.0,0.25,0.25,0.15384615384615385,0.0,0.5384615384615384,generated
AKSWGNSGQGPSY,13.0,0.5,0.25,0.0,0.07692307692307693,1.0,0.23076923076923078,generated
ATHGIVLYSHMGDP,14.0,1.0,0.25,0.25,0.07142857142857142,1.0,0.42857142857142855,generated
ARHQGSTCGWGWLFDY,16.0,0.75,0.5,0.25,0.1875,1.0,0.375,generated
ARAFKMDGAFGQYTVYDF,18.0,0.75,0.5,0.25,0.1111111111111111,0.0,0.5555555555555556,generated
ARSQFPSWYYGGYYEY,16.0,0.75,0.25,0.25,0.125,0.0,0.5,generated
AAPDCNGTNCYDAFDI,16.0,0.75,0.0,0.5,0.0625,-3.0,0.375,generated
ARGLVLGDNDYNDSWMLV,18.0,1.0,0.25,0.5,0.1111111111111111,-2.0,0.5,generated
ARDPRGSVSDFDN,13.0,0.5,0.5,0.5,0.23076923076923078,-1.0,0.23076923076923078,generated
ARGGGYSSTVFRY,13.0,0.75,0.25,0.0,0.0,2.0,0.38461538461538464,generated
TCDIEMNNFTPDYTSYNLDY,20.0,0.5,0.0,0.5,0.0,-4.0,0.35,generated
GTPQCHTSSCNDGFDP,16.0,0.25,0.25,0.5,0.1875,-1.0,0.0625,generated
AKVLTSHGSYYAADY,15.0,1.0,0.25,0.25,0.2,1.0,0.5333333333333333,generated
AKEGGYAPVYGYWFDY,16.0,0.75,0.25,0.25,0.0625,-1.0,0.5625,generated
ARTMEDDGSGSTLDV,15.0,0.5,0.25,0.75,0.06666666666666667,-3.0,0.26666666666666666,generated
ARDRTYAGASSYDYYYYDS,19.0,1.0,0.5,0.25,0.15789473684210525,-1.0,0.47368421052631576,generated
ARSLDVSSQYWFDG,14.0,0.75,0.25,0.25,0.07142857142857142,-1.0,0.42857142857142855,generated
ATVVGGLMGGYMDT,14.0,0.75,0.0,0.25,0.07142857142857142,-1.0,0.5,generated
AKDQCTYGSRYWFVG,15.0,1.0,0.25,0.25,0.06666666666666667,1.0,0.4,generated
ARGPYFGNRVNYGHPY,16.0,0.5,0.25,0.0,0.0625,3.0,0.375,generated
ARGSIPYDLCYTTYNDY,17.0,0.5,0.25,0.25,0.058823529411764705,-1.0,0.4117647058823529,generated
ARDIRYVGWGAGYYGMDY,18.0,0.75,0.5,0.25,0.1111111111111111,0.0,0.5555555555555556,generated
AREDLAGESYCYSDF,15.0,0.5,0.25,0.5,0.06666666666666667,-3.0,0.4,generated
ARSVSRTYSEYGSD,14.0,0.5,0.25,0.25,0.2857142857142857,0.0,0.2857142857142857,generated
ATDGVLHMEGNGFY,14.0,0.75,0.25,0.25,0.07142857142857142,-1.0,0.42857142857142855,generated
ARDSGFDYLGGYDP,14.0,0.75,0.25,0.25,0.0,-2.0,0.35714285714285715,generated
AKDSAAGGYSPDYGGFGMDV,20.0,0.5,0.25,0.25,0.1,-2.0,0.4,generated
ARHRTYHLYGTISSGYDDI,19.0,0.75,0.75,0.5,0.3157894736842105,2.0,0.3684210526315789,generated
ARDPGYICDRLDFYFDY,17.0,0.75,0.25,0.5,0.11764705882352941,-2.0,0.47058823529411764,generated
AKGRGGSGHDPYYDFDY,17.0,0.75,0.5,0.5,0.23529411764705882,0.0,0.29411764705882354,generated
ARDELGPDAYAFFD,14.0,1.0,0.25,0.5,0.07142857142857142,-3.0,0.5,generated
ARDEFGYKHMDQF,13.0,0.5,0.5,0.5,0.15384615384615385,0.0,0.38461538461538464,generated
AAPNCSGSAWMDAFDI,16.0,0.75,0.0,0.5,0.125,-2.0,0.5,generated
ARGQGIGDEYIID,13.0,0.75,0.25,0.5,0.3076923076923077,-2.0,0.38461538461538464,generated
ATDDDVVETDFGP,13.0,0.5,0.0,0.75,0.07692307692307693,-5.0,0.3076923076923077,generated
ATEPLGLSYSSADCARV,17.0,0.5,0.25,0.25,0.058823529411764705,-1.0,0.4117647058823529,generated
GRELWLTGLEFDPYADWFDY,20.0,0.75,0.25,0.5,0.1,-4.0,0.5,generated
AREAAGVDGPYSLDL,15.0,0.75,0.25,0.25,0.13333333333333333,-2.0,0.4666666666666667,generated
ARGLAGYLLGRYYGILI,17.0,0.75,0.25,0.0,0.0,2.0,0.6470588235294118,generated
ARLDQEGGMTFPY,13.0,0.5,0.25,0.5,0.07692307692307693,-1.0,0.38461538461538464,generated
ARLSDWDRGYDMYY,14.0,0.75,0.25,0.5,0.07142857142857142,-1.0,0.5,generated
AKSLRYGSMTITSLGYMPV,19.0,0.75,0.5,0.0,0.10526315789473684,2.0,0.47368421052631576,generated
ARDMGQSRIGSADYADF,17.0,0.75,0.25,0.5,0.17647058823529413,-1.0,0.4117647058823529,generated
ARDDFSSALYYFMDI,15.0,1.0,0.25,0.5,0.0,-2.0,0.6,generated
ARPSCSGNTWSEGFDI,16.0,0.5,0.25,0.5,0.1875,-1.0,0.25,generated
ATVREGAYFGGANDP,15.0,0.75,0.25,0.25,0.06666666666666667,-1.0,0.4,generated
ARDAASCSAWALFFYPDEF,19.0,1.0,0.25,0.5,0.10526315789473684,-2.0,0.5789473684210527,generated
AKDRNGMYDGTARDY,15.0,0.5,0.5,0.25,0.13333333333333333,0.0,0.3333333333333333,generated
VKDAGMCGTYYFDDF,15.0,0.75,0.25,0.5,0.13333333333333333,-2.0,0.4666666666666667,generated
AREIAPPPETDDP,13.0,0.5,0.25,0.75,0.23076923076923078,-3.0,0.23076923076923078,generated
ADAGPSRTVYFGTP,14.0,0.75,0.25,0.25,0.0,0.0,0.35714285714285715,generated
AKDLPASWAGYYFDP,15.0,0.75,0.25,0.25,0.06666666666666667,-1.0,0.5333333333333333,generated
ARDYGFSGLAVYFDF,15.0,1.0,0.25,0.25,0.06666666666666667,-1.0,0.6,generated
ARERLYSYTGDDYFFSDVGDY,21.0,0.75,0.5,0.5,0.23809523809523808,-3.0,0.42857142857142855,generated
ARLPGTGVVNSPDY,14.0,0.5,0.25,0.25,0.14285714285714285,0.0,0.35714285714285715,generated
AKGNDSLFEYDYPD,14.0,0.75,0.25,0.5,0.21428571428571427,-3.0,0.35714285714285715,generated
ARGGWFSSNTDANSTMDY,18.0,0.5,0.25,0.25,0.16666666666666666,-1.0,0.3333333333333333,generated
AKEQEELSSVTLFYFDY,17.0,1.0,0.25,0.75,0.058823529411764705,-3.0,0.47058823529411764,generated
ARGPDLTGVWDLDVGFDI,18.0,0.75,0.25,0.5,0.16666666666666666,-3.0,0.4444444444444444,generated
ARDIYYYIGNGPGGVYA,17.0,1.0,0.25,0.25,0.0,0.0,0.5294117647058824,generated
ARGELSYPGYLYV,13.0,1.0,0.25,0.25,0.0,0.0,0.5384615384615384,generated
ARERGYGMYDSLTDFPE,17.0,0.75,0.5,0.5,0.23529411764705882,-2.0,0.35294117647058826,generated
ARRYGGYGFPDDW,13.0,0.5,0.5,0.5,0.3076923076923077,0.0,0.38461538461538464,generated
ARSRTLGCSDARVDDD,16.0,0.5,0.5,0.75,0.3125,-1.0,0.25,generated
AKDGIEYDRFYEPEEI,16.0,0.5,0.25,0.75,0.0,-4.0,0.375,generated
AKEGGVYLPGLIDYTDE,17.0,0.75,0.25,0.5,0.17647058823529413,-3.0,0.4117647058823529,generated
ARDAVHVGGLDFPY,14.0,0.75,0.25,0.25,0.14285714285714285,0.0,0.5,generated
ARSGSYGAQNGGIDRYH,17.0,0.5,0.5,0.25,0.0,2.0,0.29411764705882354,generated
ATRVGRSSAYGDLLV,15.0,0.75,0.5,0.25,0.2,1.0,0.4666666666666667,generated
AKDQPLMGGNGHFDFDS,17.0,0.5,0.25,0.5,0.058823529411764705,-1.0,0.29411764705882354,generated
AKDRGGSTVAANFYNDF,17.0,0.75,0.5,0.25,0.11764705882352941,0.0,0.4117647058823529,generated
ARVRGGSWLYYLYE,14.0,1.0,0.5,0.25,0.21428571428571427,1.0,0.5714285714285714,generated
ACALWYPTSVDCTYAFDN,18.0,1.0,0.0,0.25,0.1111111111111111,-2.0,0.5,generated
AREAYGASPDFVY,13.0,0.75,0.25,0.25,0.07692307692307693,-1.0,0.5384615384615384,generated
AHVGYWSVAFKLYYYFDI,18.0,1.0,0.25,0.25,0.05555555555555555,1.0,0.7222222222222222,generated
ARVGRGSCSYLVGIGEYGF,19.0,0.75,0.5,0.25,0.15789473684210525,1.0,0.42105263157894735,generated
ARDLSYSGSAWERSRGFDM,19.0,0.5,0.5,0.25,0.0,0.0,0.3684210526315789,generated
ARDPFYHRPMADGDADF,17.0,0.5,0.5,0.5,0.29411764705882354,-1.0,0.4117647058823529,generated
AHYLQLPLGSDYYRY,15.0,0.75,0.25,0.25,0.06666666666666667,1.0,0.5333333333333333,generated
ATGSLPGLLRSGFDV,15.0,0.5,0.25,0.25,0.0,0.0,0.4,generated
AREFGYYCDGFYY,13.0,0.75,0.25,0.25,0.07692307692307693,-1.0,0.5384615384615384,generated
ARDRGDSSMGYEYSLDI,17.0,0.5,0.5,0.5,0.11764705882352941,-2.0,0.35294117647058826,generated
ARVYRPDLWGDIIYV,15.0,1.0,0.5,0.25,0.13333333333333333,0.0,0.6,generated
AKVESIRKTDGDSDVYYMDV,20.0,1.0,0.5,0.5,0.2,-2.0,0.4,generated
ARDRGGQVAGSAYYFDY,17.0,1.0,0.5,0.25,0.11764705882352941,0.0,0.47058823529411764,generated
AKGSVYEGYGDCDGFDL,17.0,0.5,0.25,0.5,0.17647058823529413,-3.0,0.35294117647058826,generated
ARDGSMWEDADPYDPFDY,18.0,0.5,0.25,0.75,0.05555555555555555,-5.0,0.3888888888888889,generated
ARSFPYGILPSAGYFDY,17.0,0.75,0.25,0.25,0.11764705882352941,0.0,0.5294117647058824,generated
ARVEDDWTDVFVP,13.0,0.75,0.25,0.75,0.07692307692307693,-3.0,0.46153846153846156,generated
ARVMLGTSSRGTYGFEI,17.0,0.75,0.25,0.25,0.058823529411764705,1.0,0.4117647058823529,generated
ARDRNISCSYSHFPGDN,17.0,0.5,0.5,0.25,0.058823529411764705,1.0,0.23529411764705882,generated
ARDSIYRYSGSYMAFDA,17.0,1.0,0.25,0.25,0.11764705882352941,0.0,0.5294117647058824,generated
ARDVPRSGTFLYY,13.0,1.0,0.25,0.25,0.07692307692307693,1.0,0.46153846153846156,generated
AAPYCSGWSCEDAFDF,16.0,0.75,0.0,0.5,0.1875,-3.0,0.4375,generated
AKTRGLGGGSVYTYFDY,17.0,0.75,0.5,0.25,0.17647058823529413,1.0,0.4117647058823529,generated
ARSILTKSGADDYYYHDFDV,20.0,0.75,0.25,0.5,0.25,-1.0,0.45,generated
ARLSPAGALGFYF,13.0,0.75,0.25,0.0,0.07692307692307693,1.0,0.6153846153846154,generated
ARDGATHDPDYYFYY,15.0,1.0,0.25,0.5,0.2,-1.0,0.4666666666666667,generated
AKDLAGDGLGGSYYFLFGY,19.0,1.0,0.25,0.25,0.05263157894736842,-1.0,0.5263157894736842,generated
ARLWDRVYSGDSDYAFDY,18.0,0.75,0.25,0.5,0.2222222222222222,-2.0,0.5,generated
ARESDPVIDVGLDS,14.0,0.75,0.25,0.5,0.07142857142857142,-3.0,0.35714285714285715,generated
ARVSDSTGAFVDYVYFDF,18.0,1.0,0.25,0.25,0.1111111111111111,-2.0,0.5555555555555556,generated
ARDYGMSWYGWSDDA,15.0,0.75,0.25,0.5,0.13333333333333333,-2.0,0.4666666666666667,generated
AKDRARGGDETYWLFYP,17.0,1.0,0.5,0.5,0.23529411764705882,0.0,0.4117647058823529,generated
TRDVYSSATGYSWGFDV,17.0,0.5,0.25,0.25,0.058823529411764705,-1.0,0.4117647058823529,generated
ARIVQRDAFGGHGYYYGFDD,20.0,0.75,0.25,0.5,0.1,0.0,0.45,generated
ARVPSYDLGVDPFDG,15.0,0.5,0.25,0.5,0.13333333333333333,-2.0,0.4,generated
ARDMYGSDSSSNYGFPY,17.0,0.5,0.25,0.25,0.058823529411764705,-1.0,0.35294117647058826,generated
ATGKFHSDYEAEEGFDF,17.0,0.5,0.5,0.75,0.29411764705882354,-3.0,0.35294117647058826,generated
ARDNRYGYNADSA,13.0,0.5,0.5,0.25,0.15384615384615385,0.0,0.38461538461538464,generated
ARDAQDGLPLEPDDFDV,17.0,0.5,0.25,0.75,0.17647058823529413,-5.0,0.35294117647058826,generated
ASDSSYMASFYDD,13.0,0.75,0.0,0.5,0.07692307692307693,-3.0,0.46153846153846156,generated
ARGRLVSNNGDSYDYNDV,18.0,0.5,0.5,0.5,0.2777777777777778,-1.0,0.3333333333333333,generated
AHDGTSVNDDIDF,13.0,0.5,0.25,0.75,0.23076923076923078,-3.0,0.3076923076923077,generated
AKGPGEGGENWSDDP,15.0,0.25,0.25,0.5,0.2,-3.0,0.13333333333333333,generated
AREGGYKNGVYYYDAMDV,18.0,1.0,0.25,0.5,0.16666666666666666,-1.0,0.5,generated
ARQRGYYYSGCGCYYYFHL,19.0,1.0,0.5,0.0,0.05263157894736842,3.0,0.47368421052631576,generated
ACDMLEYYSRFDCRGGWMDN,20.0,0.75,0.25,0.5,0.0,-2.0,0.4,generated
ARTQQLQGSLDDPVYFDI,18.0,0.75,0.25,0.5,0.2222222222222222,-2.0,0.3888888888888889,generated
AKGQMVYVFAEDY,13.0,1.0,0.25,0.5,0.23076923076923078,-1.0,0.6153846153846154,generated
ARVLEVQAVDPFDY,14.0,0.75,0.25,0.5,0.14285714285714285,-2.0,0.5714285714285714,generated
ARPTDVPTGVVYTCDV,16.0,0.75,0.25,0.25,0.0625,-1.0,0.375,generated
AHSGDSAENYPGYRPGAFDV,20.0,0.75,0.25,0.5,0.05,-1.0,0.35,generated
AAARFTTVWVPYGEAFDE,18.0,0.75,0.25,0.5,0.2222222222222222,-2.0,0.5555555555555556,generated
ARGLSHYAYDLDYTYPGVDY,20.0,0.75,0.25,0.5,0.15,-1.0,0.5,generated
ARDSYYTSSTRYYMDI,16.0,0.75,0.25,0.25,0.0,0.0,0.4375,generated
AKNYCIYGLFRYGMDV,16.0,0.75,0.25,0.25,0.0625,1.0,0.5625,generated
ARDLDQSPWLDYAGGNDF,18.0,0.75,0.25,0.5,0.05555555555555555,-3.0,0.3888888888888889,generated
ARGGGYGELDAESYGG,16.0,0.5,0.25,0.5,0.125,-2.0,0.3125,generated
ARDLTYSGAGAYNAYDVDF,19.0,0.75,0.25,0.5,0.10526315789473684,-2.0,0.5263157894736842,generated
ARGRMFRWYYDPPDGFDV,18.0,0.75,0.5,0.5,0.3333333333333333,0.0,0.4444444444444444,generated
ASARSSAALGVLFD,14.0,0.75,0.25,0.25,0.14285714285714285,0.0,0.5714285714285714,generated
ARGFEPSLSTPVLSPYFDI,19.0,0.75,0.25,0.25,0.05263157894736842,-1.0,0.42105263157894735,generated
ATDNNVDITDDDKYTFDV,18.0,0.5,0.25,0.75,0.05555555555555555,-5.0,0.3333333333333333,generated
ARGLVIDVWYPGDV,14.0,0.75,0.25,0.25,0.07142857142857142,-1.0,0.5714285714285714,generated
AKSLSDLWMTSGAFDL,16.0,0.75,0.25,0.25,0.0625,-1.0,0.5,generated
AKERGDTGEFDYDY,14.0,0.5,0.5,0.5,0.21428571428571427,-3.0,0.2857142857142857,generated
ARESTYDGASEGYLDWFGM,19.0,0.75,0.25,0.25,0.05263157894736842,-3.0,0.42105263157894735,generated
ARGPIYPWYYAFDV,14.0,1.0,0.25,0.25,0.14285714285714285,0.0,0.6428571428571429,generated
ARRTLSFWAYYEDV,14.0,1.0,0.5,0.5,0.2857142857142857,0.0,0.5714285714285714,generated
AAGPGPDSGMDCYDYMDF,18.0,0.75,0.0,0.5,0.1111111111111111,-4.0,0.3888888888888889,generated
AKLVSSSEIEYYYFDY,16.0,1.0,0.25,0.5,0.125,-2.0,0.5625,generated
ARVDFDTPRYFFTYFHY,17.0,0.75,0.25,0.5,0.17647058823529413,1.0,0.5294117647058824,generated
ARDQGLYLGAGDY,13.0,0.75,0.25,0.25,0.07692307692307693,-1.0,0.46153846153846156,generated
ARDQGSSALYFGMYS,15.0,1.0,0.25,0.25,0.0,0.0,0.4666666666666667,generated
ASLGGSIDLWYKFPV,15.0,0.75,0.25,0.25,0.0,0.0,0.5333333333333333,generated
ARDYGGGWQVYFDP,14.0,0.75,0.25,0.25,0.07142857142857142,-1.0,0.42857142857142855,generated
ARGEYTDGTGSRSGYYMAP,19.0,1.0,0.25,0.5,0.10526315789473684,0.0,0.3157894736842105,generated
ARSKAGSDRESDNDVYP,17.0,0.5,0.5,0.5,0.17647058823529413,-1.0,0.23529411764705882,generated
AKGAGHASYGSLFLYDP,17.0,1.0,0.25,0.25,0.17647058823529413,1.0,0.47058823529411764,generated
ARDHHLYWYSAFDG,14.0,1.0,0.75,0.25,0.21428571428571427,1.0,0.5,generated
ARANGESNSEYTYDYTYMDV,20.0,0.75,0.25,0.25,0.05,-3.0,0.4,generated
ARHSGASCDTRYMYEYDDS,19.0,0.75,0.5,0.75,0.15789473684210525,-1.0,0.3157894736842105,generated
ARGTPVMCTGLCYNRGYGM,19.0,0.5,0.25,0.0,0.0,2.0,0.3684210526315789,generated
ARDNWEHPYYLSFPIWY,17.0,0.75,0.25,0.5,0.0,0.0,0.5294117647058824,generated
ARDGPESGGGTDYGYGEDF,19.0,0.5,0.25,0.5,0.10526315789473684,-4.0,0.21052631578947367,generated
ARDATVTYHDFDPYGRHFDV,20.0,0.5,0.5,0.5,0.0,0.0,0.4,generated
ARASGLSYPPWFDF,14.0,0.75,0.25,0.25,0.14285714285714285,0.0,0.5,generated
AHDGPLEGLDIHEYSYFFDV,20.0,0.75,0.25,0.5,0.05,-3.0,0.45,generated
ARREDFYSPDDLDY,14.0,0.5,0.5,0.75,0.21428571428571427,-3.0,0.35714285714285715,generated
TRHWGGGCWNDYDHSMDV,18.0,0.5,0.5,0.5,0.2222222222222222,0.0,0.2777777777777778,generated
TRASRYDCGGSYYHDDD,17.0,0.5,0.5,0.75,0.17647058823529413,-1.0,0.23529411764705882,generated
ARRRIGYDGDEDYMYS,16.0,0.75,0.75,0.75,0.3125,-1.0,0.375,generated
ARPHVYGRVGGDRSPRG,17.0,0.5,0.5,0.25,0.11764705882352941,4.0,0.23529411764705882,generated
VTDSGWGYYSRFFDV,15.0,0.75,0.25,0.25,0.06666666666666667,-1.0,0.4666666666666667,generated
ACGYGSSYDDFEN,13.0,0.5,0.0,0.75,0.23076923076923078,-3.0,0.3076923076923077,generated
ARELAYYDCGWDYYMYD,17.0,1.0,0.25,0.25,0.058823529411764705,-3.0,0.5882352941176471,generated
AIGAAYGGVILLYDDFFDY,19.0,1.0,0.0,0.5,0.15789473684210525,-3.0,0.6842105263157895,generated
ARSSVDANFDFGP,13.0,0.5,0.25,0.25,0.07692307692307693,-1.0,0.38461538461538464,generated
AKSSIGTSYLTFDP,14.0,0.75,0.25,0.25,0.14285714285714285,0.0,0.35714285714285715,generated
AKADSRAYWDVGHGYWGFYP,20.0,0.75,0.25,0.25,0.05,1.0,0.5,generated
ARRIGQNGWYWLDG,14.0,1.0,0.5,0.25,0.21428571428571427,1.0,0.42857142857142855,generated
TKVGPYRSDDYLDI,14.0,0.75,0.25,0.5,0.35714285714285715,-1.0,0.35714285714285715,generated
AAASWPGWSSVIG,13.0,0.75,0.0,0.0,0.0,0.0,0.5384615384615384,generated
ARGGTDYSGDGLEHCYAFDF,20.0,0.75,0.25,0.5,0.0,-2.0,0.35,generated
ARTAFEYDDRDRYYYDY,17.0,0.75,0.5,0.75,0.0,-2.0,0.47058823529411764,generated
ARDPGFSIMDLPY,13.0,0.75,0.25,0.25,0.07692307692307693,-1.0,0.46153846153846156,generated
ARDRQNSTTGYLLNFDP,17.0,0.75,0.5,0.25,0.11764705882352941,0.0,0.29411764705882354,generated
ARDLTGRLDGYFVK,14.0,0.75,0.25,0.25,0.07142857142857142,1.0,0.42857142857142855,generated
TKHLPNLYFSFDC,13.0,0.75,0.5,0.25,0.23076923076923078,1.0,0.38461538461538464,generated
AREMVAAANYHADY,14.0,1.0,0.25,0.25,0.0,0.0,0.6428571428571429,generated
ARGFGALIVGALDPFDR,17.0,1.0,0.25,0.5,0.11764705882352941,0.0,0.5294117647058824,generated
AKDRYVCEVGNDV,13.0,0.5,0.5,0.25,0.23076923076923078,-1.0,0.38461538461538464,generated
ATETSAGGLDPLAFDS,16.0,0.75,0.0,0.25,0.0625,-3.0,0.375,generated
ARDHSYGGVLWSDY,14.0,0.75,0.5,0.25,0.14285714285714285,0.0,0.42857142857142855,generated
AQDPGQFTSSYANWFDY,17.0,0.75,0.0,0.25,0.0,-2.0,0.4117647058823529,generated
ARSPVPSSLFGLDD,14.0,0.75,0.25,0.5,0.21428571428571427,-1.0,0.35714285714285715,generated
AHDDGLRHAGSDY,13.0,0.5,0.5,0.5,0.15384615384615385,0.0,0.3076923076923077,generated
ARDVCQSTYITDSAFDY,17.0,0.75,0.25,0.25,0.11764705882352941,-2.0,0.4117647058823529,generated
AKDGTTVYWYYGN,13.0,1.0,0.25,0.25,0.0,0.0,0.46153846153846156,generated
ARDSQDVFLAAYYY,14.0,1.0,0.25,0.5,0.07142857142857142,-1.0,0.6428571428571429,generated
ARAPGETGMWSDLYPYVLDY,20.0,0.75,0.25,0.25,0.1,-2.0,0.5,generated
AKETGVPDMPYDYGQY,16.0,0.5,0.25,0.25,0.0,-2.0,0.375,generated
TRDIGYSGYDGGEYFLI,17.0,1.0,0.25,0.5,0.11764705882352941,-2.0,0.4117647058823529,generated
ARDEGLWDLTEDFTP,15.0,0.75,0.25,0.5,0.13333333333333333,-4.0,0.3333333333333333,generated
ARDYSYDDLTSYWWFDP,17.0,1.0,0.25,0.5,0.058823529411764705,-3.0,0.47058823529411764,generated
ARDLWSGPGWGFFDI,15.0,0.75,0.25,0.25,0.06666666666666667,-1.0,0.4666666666666667,generated
ASRWTFTFSFPMDPIFDV,18.0,0.75,0.25,0.25,0.16666666666666666,-1.0,0.5,generated
AAPTCSRGTCRDGFDL,16.0,0.5,0.25,0.5,0.125,0.0,0.25,generated
VREFIGRGSTDYGFDY,16.0,0.5,0.25,0.25,0.1875,-1.0,0.375,generated
ALRSGYAASRSGYGDYSFM,19.0,0.75,0.25,0.25,0.05263157894736842,1.0,0.47368421052631576,generated
ARNLGYYSGSSDVYEYGMDS,20.0,0.75,0.25,0.5,0.2,-2.0,0.4,generated
ARDAGVSYYSSDYYYS,16.0,0.75,0.25,0.25,0.0625,-1.0,0.5,generated
ARGGLPVGLGDSLWSFDY,18.0,0.75,0.25,0.25,0.16666666666666666,-1.0,0.4444444444444444,generated
AASYGFLGTSMLTYYFDF,18.0,0.75,0.0,0.25,0.05555555555555555,-1.0,0.6111111111111112,generated
AKDGGADESSSHNVYGMDI,19.0,0.75,0.25,0.5,0.10526315789473684,-2.0,0.3157894736842105,generated
AAPLCSSGACYDAFDI,16.0,0.75,0.0,0.5,0.125,-2.0,0.5,generated
ARGDRFSIGNWGYQNEY,17.0,0.5,0.5,0.25,0.11764705882352941,0.0,0.35294117647058826,generated
ASVERWDPYWYIDY,14.0,1.0,0.25,0.5,0.0,-2.0,0.5714285714285714,generated
ATREWRPTDGYFDL,14.0,0.75,0.5,0.25,0.21428571428571427,-1.0,0.35714285714285715,generated
ARDYGYTTATLGY,13.0,0.5,0.25,0.25,0.0,0.0,0.46153846153846156,generated
ARELYIGDGGGSYWFDI,17.0,0.75,0.25,0.25,0.0,-2.0,0.47058823529411764,generated
ARELAEDYYSQDTYFDV,17.0,0.75,0.25,0.5,0.0,-4.0,0.47058823529411764,generated
AREMARYGWAYCYSYAMDV,19.0,0.75,0.25,0.25,0.10526315789473684,0.0,0.631578947368421,generated
AKDILVDSEARYP,13.0,0.75,0.25,0.5,0.07692307692307693,-1.0,0.46153846153846156,generated
ARPGGSNDLCDYAFDV,16.0,0.75,0.25,0.5,0.125,-2.0,0.375,generated
ARVVLYEGDMGDSPADI,17.0,1.0,0.25,0.5,0.17647058823529413,-3.0,0.47058823529411764,generated
ARDADPYFPGTEDV,14.0,0.5,0.25,0.5,0.07142857142857142,-3.0,0.35714285714285715,generated
ARDGGYGGYAGADPY,15.0,0.75,0.25,0.25,0.06666666666666667,-1.0,0.4,generated
ATSSPITSSLFRY,13.0,0.75,0.25,0.0,0.07692307692307693,1.0,0.38461538461538464,generated
ARGFLIWGSWYCYQYGTWM,19.0,1.0,0.25,0.0,0.05263157894736842,1.0,0.5789473684210527,generated
ARMDVWRPSGWFDV,14.0,0.75,0.25,0.25,0.14285714285714285,0.0,0.5,generated
ARTREARTGATLGYMDP,17.0,0.75,0.5,0.25,0.17647058823529413,1.0,0.35294117647058826,generated
ARRSNYYPWDFDPTEFYFDF,20.0,0.75,0.5,0.5,0.2,-2.0,0.45,generated
AKGSSLWFVFDYDHDLDI,18.0,1.0,0.25,0.5,0.2222222222222222,-2.0,0.5,generated
AKDRIPLYFSFWY,13.0,0.75,0.5,0.25,0.07692307692307693,1.0,0.6153846153846154,generated
VRDNYVSASVPVYD,14.0,0.75,0.25,0.25,0.07142857142857142,-1.0,0.5,generated
ATHPGPALLKPAFDI,15.0,0.75,0.25,0.25,0.06666666666666667,1.0,0.4666666666666667,generated
ARDGGAAVSVYADYGFDV,18.0,0.75,0.25,0.25,0.1111111111111111,-2.0,0.5555555555555556,generated
AAPYCSLTTCYDGFDI,16.0,0.75,0.0,0.5,0.125,-2.0,0.4375,generated
ALDGIAYYGGYDYWSAMLV,19.0,1.0,0.0,0.25,0.0,-2.0,0.6842105263157895,generated
AREVDFSLGWFMNG,14.0,0.75,0.25,0.5,0.07142857142857142,-1.0,0.5,generated
VALGPYGYGLSIYFPF,16.0,0.75,0.0,0.0,0.0,0.0,0.625,generated
ARDSHGDGDGSGTGLDY,17.0,0.5,0.5,0.5,0.11764705882352941,-2.0,0.17647058823529413,generated
ARDGGYGISEGADYMDP,17.0,0.75,0.25,0.5,0.17647058823529413,-3.0,0.35294117647058826,generated
AKDGTYSYYGGCDDFDY,17.0,0.75,0.25,0.75,0.17647058823529413,-3.0,0.35294117647058826,generated
AREYDEGALGSYYFSV,16.0,0.75,0.25,0.75,0.125,-2.0,0.5,generated
ARSGQDGTAGYDDVYFHS,18.0,0.75,0.25,0.5,0.05555555555555555,-1.0,0.3333333333333333,generated
ARVYGVYADDSEGYDYWFDL,20.0,0.75,0.25,0.75,0.1,-4.0,0.55,generated
ARDMARLAWYRHYYTFDY,18.0,1.0,0.5,0.25,0.0,2.0,0.6111111111111112,generated
ARDLDTGFFDGWFYF,15.0,1.0,0.25,0.5,0.0,-2.0,0.5333333333333333,generated
ARDDGSDAYYSGQAS,15.0,0.75,0.25,0.5,0.13333333333333333,-2.0,0.3333333333333333,generated
ARSVTPGDGDPATYEDW,17.0,0.5,0.25,0.5,0.17647058823529413,-3.0,0.29411764705882354,generated
AGSLDGGNEYSFDY,14.0,0.5,0.0,0.25,0.07142857142857142,-3.0,0.35714285714285715,generated
AREGEGDGVSYVNAFDY,17.0,0.75,0.25,0.5,0.058823529411764705,-3.0,0.4117647058823529,generated
ARAGGRGGPDIWFDA,15.0,0.75,0.25,0.25,0.26666666666666666,0.0,0.4,generated
AKLLHSYMYDRFDD,14.0,0.75,0.5,0.5,0.2857142857142857,0.0,0.5,generated
ARELGGYSSLGDSAMYS,17.0,0.75,0.25,0.25,0.058823529411764705,-1.0,0.4117647058823529,generated
AREGYGGDSTSAYWGDH,17.0,0.75,0.25,0.25,0.058823529411764705,-1.0,0.29411764705882354,generated
ASEGSDRAGTPAYFDV,16.0,0.75,0.25,0.5,0.0,-2.0,0.375,generated
ARAHIYGPSSDDYGFDY,17.0,0.75,0.5,0.5,0.29411764705882354,-1.0,0.4117647058823529,generated
ARDGLGGGRGDPIP,14.0,0.25,0.25,0.25,0.0,0.0,0.21428571428571427,generated
ARRSVLGIVIDEYTGFDY,18.0,0.75,0.5,0.5,0.2777777777777778,-1.0,0.5,generated
ARDSDVEWEFYVDN,14.0,0.75,0.25,0.5,0.0,-4.0,0.42857142857142855,generated
VRELYQSGSGSSWAFSY,17.0,0.75,0.25,0.25,0.0,0.0,0.4117647058823529,generated
ARDSTYCYADSSYSTVY,17.0,0.75,0.25,0.25,0.058823529411764705,-1.0,0.4117647058823529,generated
AKDRGTSGAWDYHVAYDL,18.0,0.75,0.5,0.25,0.1111111111111111,0.0,0.4444444444444444,generated
ATGGYPPGGVSGDAEDGVM,19.0,0.5,0.0,0.75,0.15789473684210525,-3.0,0.3157894736842105,generated
ARDKPVPAFSFCIFYY,16.0,1.0,0.5,0.25,0.0625,1.0,0.5625,generated
ARDVEVTGGDFPA,13.0,0.5,0.25,0.5,0.0,-2.0,0.38461538461538464,generated
AKDQTEDPLFFEI,13.0,0.75,0.25,0.5,0.07692307692307693,-3.0,0.38461538461538464,generated
ARDGIEGGFSSDWDL,15.0,0.5,0.25,0.5,0.06666666666666667,-3.0,0.3333333333333333,generated
VAPQCDSETKGGAFDI,16.0,0.75,0.25,0.5,0.125,-2.0,0.3125,generated
ARISWPAWAGYSDD,14.0,0.75,0.25,0.5,0.21428571428571427,-1.0,0.5,generated
SRVWNSPDPDTHYYLDV,17.0,0.75,0.25,0.5,0.058823529411764705,-1.0,0.35294117647058826,generated
AREPNYGIDGGDWYPDV,17.0,0.5,0.25,0.5,0.17647058823529413,-3.0,0.35294117647058826,generated
AKFMGYPYYGPSFGY,15.0,0.75,0.25,0.0,0.06666666666666667,1.0,0.5333333333333333,generated
ARDIGSPGLVDDDD,14.0,0.5,0.25,1.0,0.2857142857142857,-4.0,0.2857142857142857,generated
AKDGWASGGVVLRDFDP,17.0,0.75,0.25,0.5,0.058823529411764705,-1.0,0.4117647058823529,generated
ARESCGSLGGVTNYADV,17.0,0.75,0.25,0.25,0.058823529411764705,-1.0,0.35294117647058826,generated
ARRGYYRNTMDLDDY,15.0,0.5,0.5,0.75,0.4,0.0,0.4,generated
ARSPGYSAPGSNFDY,15.0,0.5,0.25,0.25,0.13333333333333333,0.0,0.3333333333333333,generated
ARDGGTGGTYGNYY,14.0,0.5,0.25,0.25,0.0,0.0,0.2857142857142857,generated
AREPNGIGFGGSLYMDY,17.0,0.75,0.25,0.25,0.058823529411764705,-1.0,0.4117647058823529,generated
ARDRGFYLTDGDS,13.0,0.75,0.5,0.5,0.23076923076923078,-1.0,0.3076923076923077,generated
ASGLGSVTLGSGDHY,15.0,0.5,0.25,0.25,0.0,0.0,0.3333333333333333,generated
TRVRGGLQDGYAFSH,15.0,0.75,0.5,0.25,0.13333333333333333,2.0,0.3333333333333333,generated
ARGVGDKDTDFMLD,14.0,0.75,0.25,0.5,0.2857142857142857,-2.0,0.35714285714285715,generated
VRAGDGYDEDDFDD,14.0,0.5,0.25,1.0,0.42857142857142855,-6.0,0.2857142857142857,generated
ARDGRPYFMFGQYYGYYLDD,20.0,1.0,0.5,0.5,0.15,-1.0,0.5,generated
VRDVIYGSYASCYDLYDWE,19.0,0.75,0.25,0.5,0.15789473684210525,-3.0,0.5263157894736842,generated
ARDVRYWDNGDYVYGMDV,18.0,0.75,0.5,0.5,0.1111111111111111,-2.0,0.5,generated
ARVLYYSAGGYFDR,14.0,1.0,0.25,0.25,0.07142857142857142,1.0,0.5714285714285714,generated
ARMVQIHRNFDFDS,14.0,0.75,0.5,0.5,0.21428571428571427,1.0,0.42857142857142855,generated
AKDTGGPDLGSPDD,14.0,0.25,0.25,0.5,0.21428571428571427,-3.0,0.14285714285714285,generated
AKLRTYYYCYDLDAYFDV,18.0,0.75,0.5,0.5,0.2777777777777778,-1.0,0.6111111111111112,generated
ARDLGDSCYDDRRFDV,16.0,0.5,0.5,0.5,0.0,-2.0,0.3125,generated
AIAFGFATYMFDA,13.0,1.0,0.0,0.25,0.07692307692307693,-1.0,0.7692307692307693,generated
ARDRYGAGLYGWSMDL,16.0,0.75,0.5,0.25,0.125,0.0,0.5,generated
ARNSMESCGMEILAAFYI,18.0,1.0,0.25,0.25,0.05555555555555555,-1.0,0.5555555555555556,generated
ARMPMYGVYGLNYWSGL,17.0,0.75,0.25,0.0,0.058823529411764705,1.0,0.5882352941176471,generated
ARVLPLGGNGFYS,13.0,0.75,0.25,0.0,0.07692307692307693,1.0,0.46153846153846156,generated
AREMGDGGYLSSTWFYN,17.0,0.75,0.25,0.5,0.058823529411764705,-1.0,0.4117647058823529,generated
ARHRVATTPVSYYYMDI,17.0,1.0,0.75,0.25,0.23529411764705882,2.0,0.5294117647058824,generated
AKAYSTDGFGWNDKSYY,17.0,0.75,0.25,0.25,0.0,0.0,0.4117647058823529,generated
ARSAGYYPWDDYAGAYDP,18.0,0.75,0.25,0.5,0.2222222222222222,-2.0,0.5,generated
ARAVRGTSYYWFDGF,15.0,1.0,0.5,0.25,0.2,1.0,0.5333333333333333,generated
AKDDDGENGGVKNDYGFDY,19.0,0.5,0.25,0.75,0.10526315789473684,-4.0,0.2631578947368421,generated
ATQTLIAIYMDYIYVDDI,18.0,1.0,0.0,0.5,0.16666666666666666,-3.0,0.6666666666666666,generated
AKVAYYYDTSGCSVYGFDM,19.0,1.0,0.25,0.25,0.05263157894736842,-1.0,0.5263157894736842,generated
ARGLGWAYHGYYGFYY,16.0,0.75,0.25,0.0,0.0,2.0,0.625,generated
ARGRQECSTSTPYYLDY,17.0,0.75,0.5,0.25,0.11764705882352941,0.0,0.29411764705882354,generated
ARIGQFGDDDLDP,13.0,0.5,0.25,0.75,0.38461538461538464,-3.0,0.3076923076923077,generated
AILYGRYGWFGYYFDF,16.0,1.0,0.25,0.25,0.125,0.0,0.6875,generated
ARIHGSYYYVDYFMDY,16.0,1.0,0.5,0.25,0.25,0.0,0.625,generated
AKTMQPDSASSSYFYGFDI,19.0,0.75,0.25,0.25,0.05263157894736842,-1.0,0.42105263157894735,generated
ARDLDGDVLSVSSSVVAFDI,20.0,1.0,0.25,0.5,0.05,-3.0,0.5,generated
ARVDVHYSYGGPFDH,15.0,0.5,0.25,0.25,0.06666666666666667,1.0,0.4,generated
TRDARLVGTGSPDDMDL,17.0,0.75,0.5,0.75,0.23529411764705882,-2.0,0.29411764705882354,generated
AKVVSSGDRAGLGR,14.0,0.75,0.25,0.25,0.0,2.0,0.35714285714285715,generated
AKGPSVWYVVYNFP,14.0,1.0,0.25,0.0,0.07142857142857142,1.0,0.5714285714285714,generated
AHDGYYVGYNAPYDGFDD,18.0,0.75,0.25,0.5,0.16666666666666666,-3.0,0.4444444444444444,generated
ARPYTPQTPGYWFDF,15.0,0.75,0.25,0.25,0.13333333333333333,0.0,0.4,generated
ARIESYYYLSGDDALDN,17.0,1.0,0.25,0.5,0.17647058823529413,-3.0,0.47058823529411764,generated
AKGRRDSDGDLDP,13.0,0.25,0.75,0.5,0.38461538461538464,-1.0,0.15384615384615385,generated
ARDIYRYDGFYFDSGFDY,18.0,0.75,0.25,0.25,0.1111111111111111,-2.0,0.5,generated
ATDLGPETNDDGY,13.0,0.5,0.0,0.5,0.15384615384615385,-4.0,0.23076923076923078,generated
AKGGGQITYIITPEDY,16.0,0.75,0.25,0.5,0.1875,-1.0,0.375,generated
VKDRYPSDPSGPDDYYY,17.0,0.75,0.5,0.5,0.11764705882352941,-2.0,0.29411764705882354,generated
ARELSANGTDDVTYPD,16.0,0.5,0.25,0.5,0.1875,-3.0,0.3125,generated
AKADIGYLNPTSWYFDY,17.0,0.75,0.25,0.25,0.058823529411764705,-1.0,0.5294117647058824,generated
ARGGDSGGYLKLQYHDL,17.0,0.75,0.25,0.25,0.058823529411764705,1.0,0.35294117647058826,generated
ARHLVWTWGAPYYWDY,16.0,0.75,0.5,0.25,0.1875,1.0,0.625,generated
ATDGGASGVEFAYYFEG,17.0,1.0,0.0,0.25,0.058823529411764705,-3.0,0.47058823529411764,generated
AHDPGFDAGGFDP,13.0,0.5,0.25,0.25,0.15384615384615385,-2.0,0.3076923076923077,generated
ARDLGDVGDTDKY,13.0,0.5,0.25,0.5,0.0,-2.0,0.3076923076923077,generated
ATDWGEGFGRDLYD,14.0,0.5,0.25,0.5,0.07142857142857142,-3.0,0.35714285714285715,generated
ARGRELGYDSGPPLDI,16.0,0.5,0.5,0.25,0.1875,-1.0,0.3125,generated
ASELDPYLLESLNAYDY,17.0,0.75,0.0,0.5,0.0,-4.0,0.5294117647058824,generated
ARDIYYGAWGTGDNFYL,17.0,0.75,0.25,0.25,0.058823529411764705,-1.0,0.5294117647058824,generated
AKDELGKLLAGSTF,14.0,0.75,0.25,0.5,0.0,0.0,0.42857142857142855,generated
ARMVWSQSLSSSFYLDD,17.0,0.75,0.25,0.5,0.17647058823529413,-1.0,0.47058823529411764,generated
VRGGGISYFGEASNYDLYM,19.0,0.75,0.25,0.25,0.15789473684210525,-1.0,0.47368421052631576,generated
ARDASAGWDYGYAFDF,16.0,0.75,0.25,0.25,0.125,-2.0,0.5625,generated
ARDLGISDTGNGFDF,15.0,0.5,0.25,0.25,0.13333333333333333,-2.0,0.3333333333333333,generated
ATDRIYSSIDYYVGYDGFDV,20.0,0.75,0.25,0.5,0.05,-3.0,0.5,generated
AKIVDDADPDSCVPSYYMDY,20.0,0.75,0.25,0.75,0.1,-4.0,0.45,generated
ARDLYGDGYAFCTYFLFDM,19.0,1.0,0.25,0.25,0.0,-2.0,0.5789473684210527,generated
AKDTIMGSWTYLDAFYT,17.0,0.75,0.25,0.25,0.058823529411764705,-1.0,0.5294117647058824,generated
ARVFGYSSFYGYWYMDW,17.0,1.0,0.25,0.25,0.11764705882352941,0.0,0.6470588235294118,generated
ATDGGLDYGAYSYTIDP,17.0,0.75,0.0,0.25,0.058823529411764705,-3.0,0.4117647058823529,generated
AKELGIFGDDYYDDQHGIDY,20.0,0.75,0.25,0.5,0.0,-4.0,0.4,generated
TAVAGFWGANGDYFDV,16.0,0.75,0.0,0.5,0.125,-2.0,0.5625,generated
ARVRGYVGTSWAFYGDY,17.0,1.0,0.5,0.25,0.17647058823529413,1.0,0.5294117647058824,generated
SKGGSSDGLDGDYFDI,16.0,0.75,0.25,0.5,0.1875,-3.0,0.25,generated
ARQRPFYGSGSLDHFPR,17.0,0.5,0.5,0.25,0.058823529411764705,3.0,0.29411764705882354,generated
ARALFYAGPLWTRHLYFGV,19.0,1.0,0.5,0.0,0.05263157894736842,3.0,0.631578947368421,generated
ARGRGYSICAYYYYFDI,17.0,1.0,0.5,0.25,0.17647058823529413,1.0,0.5882352941176471,generated
ARGPAQFIWDDYYY,14.0,0.75,0.25,0.5,0.21428571428571427,-1.0,0.5714285714285714,generated
AREFPRGESGFDS,13.0,0.5,0.25,0.25,0.23076923076923078,-1.0,0.23076923076923078,generated
ARRGVPGSSESYTTNPYAS,19.0,0.5,0.5,0.25,0.15789473684210525,1.0,0.2631578947368421,generated
AKVTCGRCCDWSYDRAFDL,19.0,0.75,0.25,0.25,0.21052631578947367,0.0,0.3684210526315789,generated
ARERSFEDGDQLMFDY,16.0,0.75,0.5,0.75,0.0625,-3.0,0.375,generated
ARDPNPPGVCAHTGFDL,17.0,0.5,0.25,0.25,0.0,0.0,0.29411764705882354,generated
ARANSYESAGDGYSYFDV,18.0,0.75,0.25,0.25,0.1111111111111111,-2.0,0.4444444444444444,generated
SRGIGDSFYYDFDD,14.0,0.75,0.25,0.75,0.21428571428571427,-3.0,0.35714285714285715,generated
ARDGEEVAQFDYLYFMDV,18.0,1.0,0.25,0.75,0.0,-4.0,0.5555555555555556,generated
ARDCFGCTSGGLYYMDL,17.0,1.0,0.25,0.25,0.058823529411764705,-1.0,0.4117647058823529,generated
VRESIYVAADIDV,13.0,1.0,0.25,0.5,0.15384615384615385,-2.0,0.6153846153846154,generated
AHQKYYELEYRFYDI,15.0,0.75,0.5,0.5,0.13333333333333333,0.0,0.5333333333333333,generated
ARHGDGGPVLSGWGYYMDG,19.0,0.75,0.5,0.25,0.10526315789473684,0.0,0.3684210526315789,generated
ARMDVIVISTSYLLEY,16.0,1.0,0.25,0.25,0.0625,-1.0,0.625,generated
ARDFGDTPFFFVP,13.0,1.0,0.25,0.5,0.07692307692307693,-1.0,0.46153846153846156,generated
AREASYRGSGTGTSYDV,17.0,0.5,0.25,0.25,0.11764705882352941,0.0,0.29411764705882354,generated
AILGQFRVMDVYSYLYYMDV,20.0,1.0,0.25,0.25,0.05,-1.0,0.7,generated
ARILGIYVDSGHY,13.0,0.75,0.25,0.25,0.07692307692307693,1.0,0.5384615384615384,generated
ARSGYPYSSYSCYYSYDQF,19.0,0.75,0.25,0.25,0.10526315789473684,0.0,0.42105263157894735,generated
ASNGSSYTGWYDY,13.0,0.75,0.0,0.25,0.07692307692307693,-1.0,0.38461538461538464,generated
ARSLGFGYHLYFDY,14.0,0.75,0.25,0.25,0.07142857142857142,1.0,0.5714285714285714,generated
ARDENHTAGLTFTDS,15.0,0.5,0.25,0.5,0.06666666666666667,-1.0,0.26666666666666666,generated
ARDTAFSAGIACDEF,15.0,0.75,0.25,0.5,0.13333333333333333,-2.0,0.4666666666666667,generated
ARDGSDGSSNGYYYGY,16.0,0.75,0.25,0.5,0.0625,-1.0,0.3125,generated
AKERAECGRFEYDAFDN,17.0,0.75,0.5,0.5,0.11764705882352941,-2.0,0.35294117647058826,generated
ARDRIWGASTDYVYDGFDI,19.0,0.75,0.5,0.5,0.21052631578947367,-2.0,0.47368421052631576,generated
TTARGGSLYGSYTYFDD,17.0,0.75,0.25,0.5,0.17647058823529413,-1.0,0.35294117647058826,generated
AREDGPDKSGSSYYFYPDF,19.0,1.0,0.25,0.5,0.0,-2.0,0.3157894736842105,generated
ARDPAGCGGTYCYSPYFDP,19.0,0.5,0.25,0.25,0.05263157894736842,-1.0,0.3157894736842105,generated
ARERGLSTDFSVYYGN,16.0,0.75,0.5,0.25,0.125,0.0,0.375,generated
AKAQYDASVAKTYYYY,16.0,1.0,0.25,0.25,0.0625,1.0,0.625,generated
TRAEGTYDGSSFRYDDF,17.0,0.5,0.25,0.5,0.0,-2.0,0.29411764705882354,generated
ARLGSATYYGGFDL,14.0,0.75,0.25,0.25,0.14285714285714285,0.0,0.5,generated
GRAAITTGWDDELFYT,16.0,0.75,0.25,0.75,0.25,-2.0,0.4375,generated
