latent_dim,delta_pred_len,delta_group_aromatic,delta_group_hydrophobic,delta_group_positive,delta_group_negative,delta_group_glycine,delta_group_proline,delta_group_small,delta_group_charge_balance,effect_l1,delta_motif_AR,delta_motif_GG,delta_motif_YY,delta_motif_FDY,delta_motif_GMD,delta_motif_RG,delta_motif_YW,delta_motif_WG
7,-3.0,-0.09601151315789472,-0.14319490131578944,-0.03227796052631579,-0.009560032894736836,0.018194901315789477,0.027240953947368425,0.16591282894736842,-0.022717927631578948,3.515111019736842,-0.46875,-0.03125,-0.375,-0.0625,-0.09375,0.09375,-0.125,-0.03125
6,0.0,-0.03348214285714285,-0.06919642857142855,-0.006696428571428575,0.042410714285714274,0.0357142857142857,-0.006696428571428575,0.0513392857142857,-0.04910714285714286,0.2946428571428571,-0.03125,0.0625,0.0,0.03125,0.03125,-0.0625,0.03125,-0.0625
10,0.0,0.0200892857142857,0.06026785714285715,0.01785714285714285,0.004464285714285726,-0.055803571428571425,0.017857142857142856,-0.09598214285714285,0.013392857142857137,0.2857142857142857,-0.125,-0.03125,0.03125,0.03125,0.03125,-0.0625,0.09375,0.0
59,0.0,-0.04910714285714288,-0.0424107142857143,0.029017857142857137,-0.03348214285714285,-0.006696428571428575,0.011160714285714288,0.0267857142857143,0.0625,0.2611607142857143,-0.25,-0.0625,-0.125,-0.03125,0.03125,-0.0625,-0.0625,-0.0625
62,0.0,0.04464285714285715,0.03794642857142855,0.008928571428571425,0.026785714285714274,-0.04017857142857144,-0.02232142857142857,-0.04910714285714285,-0.017857142857142856,0.24776785714285712,-0.21875,-0.21875,-0.0625,0.125,0.0,-0.21875,0.03125,0.0
22,0.0,-0.03348214285714285,-0.0267857142857143,0.03125,-0.0357142857142857,0.020089285714285712,0.017857142857142853,0.01339285714285715,0.06696428571428571,0.24553571428571425,0.125,-0.03125,-0.09375,0.03125,-0.03125,0.03125,-0.0625,0.03125
56,0.0,0.03125,0.026785714285714246,0.02232142857142856,-0.035714285714285726,0.002232142857142863,0.011160714285714288,-0.020089285714285754,0.05803571428571428,0.20758928571428573,0.09375,0.0,0.0625,-0.0625,-0.03125,0.03125,0.09375,0.125
17,0.0,0.011160714285714302,-0.04910714285714285,-0.015625,0.004464285714285698,0.06026785714285714,0.008928571428571428,0.0357142857142857,-0.020089285714285705,0.20535714285714282,-0.09375,0.25,0.09375,0.03125,-0.03125,-0.03125,0.03125,0.0625
52,0.0,0.0,0.004464285714285698,-0.040178571428571425,-0.006696428571428575,0.02232142857142859,-0.008928571428571428,0.0825892857142857,-0.033482142857142856,0.19866071428571425,-0.1875,0.09375,0.09375,0.1875,0.0,0.0625,0.15625,0.125
8,0.0,-0.022321428571428575,-0.024553571428571397,0.002232142857142863,-0.015625,0.03125,-0.02232142857142857,0.060267857142857095,0.017857142857142856,0.19642857142857134,-0.03125,0.09375,-0.03125,0.0,0.0,0.09375,0.0625,0.03125
18,0.0,-0.002232142857142849,0.03125,-0.008928571428571438,-0.022321428571428575,-0.020089285714285726,0.037946428571428575,-0.05357142857142855,0.01339285714285715,0.18973214285714285,-0.0625,0.125,-0.0625,0.03125,-0.03125,-0.1875,0.03125,-0.03125
27,0.0,-0.04464285714285715,-0.002232142857142849,-0.0200892857142857,-0.006696428571428575,0.051339285714285726,-0.015625,0.03125,-0.013392857142857137,0.18526785714285715,-0.21875,0.15625,-0.125,0.0,0.09375,0.0,0.0625,0.09375
12,0.0,0.04464285714285712,0.04910714285714285,-0.024553571428571425,-0.008928571428571425,0.006696428571428575,-0.011160714285714288,-0.022321428571428548,-0.015625,0.18303571428571425,-0.0625,0.0625,0.125,0.0,-0.03125,0.0625,0.0625,0.03125
61,0.0,0.026785714285714274,0.002232142857142849,-0.004464285714285712,-0.03348214285714285,0.040178571428571425,-0.01116071428571428,0.033482142857142905,0.029017857142857144,0.18080357142857145,-0.0625,0.09375,0.03125,0.09375,0.0,0.03125,0.0,0.0
44,0.0,2.7755575615628914e-17,-0.015625,-0.02901785714285715,-0.002232142857142849,0.037946428571428575,0.004464285714285712,0.0625,-0.026785714285714288,0.1785714285714286,-0.21875,0.125,0.0,0.125,-0.03125,0.0625,0.03125,-0.0625
13,0.0,0.024553571428571452,0.0736607142857143,-0.020089285714285712,-0.022321428571428575,0.011160714285714288,-0.008928571428571428,-0.01339285714285715,0.002232142857142856,0.17633928571428578,-0.0625,0.09375,0.0,0.03125,0.0,-0.15625,0.03125,0.0
23,0.0,-0.01785714285714285,-0.024553571428571452,0.002232142857142863,0.0357142857142857,-0.03348214285714285,0.006696428571428572,-0.01339285714285715,-0.03348214285714285,0.1674107142857143,-0.0625,-0.15625,-0.09375,0.0,-0.03125,-0.0625,0.0,0.0
54,0.0,0.024553571428571425,0.008928571428571397,-0.013392857142857137,0.017857142857142877,-0.03125,0.015625,-0.0200892857142857,-0.031249999999999993,0.16294642857142855,0.0,0.125,0.03125,0.0,0.0,0.0,0.0,-0.03125
0,0.0,0.0200892857142857,0.03125,0.015625,-0.020089285714285726,0.011160714285714274,-0.011160714285714288,-0.01785714285714285,0.03571428571428571,0.16294642857142855,-0.03125,0.03125,0.03125,-0.03125,0.0,0.09375,-0.03125,0.03125
63,0.0,0.011160714285714302,0.022321428571428603,-0.026785714285714288,0.013392857142857123,-0.03125,0.0,0.008928571428571397,-0.040178571428571425,0.15401785714285715,-0.03125,-0.09375,-0.09375,0.09375,0.0,0.0,-0.03125,0.03125
28,0.0,-0.008928571428571425,0.004464285714285698,-0.01785714285714285,-0.029017857142857123,0.03348214285714285,0.022321428571428572,0.0267857142857143,0.01116071428571428,0.1540178571428571,-0.125,0.0625,0.0,0.0,0.03125,-0.09375,0.03125,0.0
21,0.0,0.0357142857142857,0.0357142857142857,-0.002232142857142849,0.0,-0.04241071428571429,-0.004464285714285712,-0.024553571428571452,-0.002232142857142856,0.14732142857142855,-0.125,-0.09375,0.03125,-0.03125,0.0,-0.125,0.0,0.03125
45,0.0,0.0424107142857143,0.04910714285714285,0.0,-0.006696428571428575,-0.002232142857142877,-0.02455357142857143,-0.01339285714285715,0.0066964285714285685,0.14508928571428575,0.21875,-0.1875,0.0,0.03125,0.0,-0.0625,0.0625,0.0625
9,0.0,0.015625,0.03794642857142855,0.0,-0.029017857142857123,0.006696428571428575,-0.0066964285714285685,-0.01785714285714285,0.029017857142857137,0.1428571428571428,-0.0625,-0.03125,0.03125,-0.09375,0.0,-0.03125,0.03125,0.09375
3,0.0,0.0,-0.01339285714285715,0.002232142857142849,-0.015625,0.011160714285714274,0.03348214285714285,-0.046875,0.017857142857142856,0.14062499999999997,0.0,0.0,-0.0625,0.0625,0.0,-0.0625,0.0,0.03125
1,0.0,0.008928571428571425,-0.006696428571428548,-0.015625,-0.004464285714285726,0.04241071428571429,-0.01339285714285714,0.03794642857142855,-0.011160714285714288,0.14062499999999994,-0.09375,0.0625,-0.15625,-0.15625,0.0,-0.0625,0.0,0.03125
41,0.0,-0.01785714285714285,0.01785714285714285,0.008928571428571425,0.004464285714285726,-0.03348214285714285,0.002232142857142856,-0.0513392857142857,0.004464285714285712,0.14062499999999994,-0.125,-0.0625,-0.0625,0.0625,0.0,-0.03125,-0.0625,-0.09375
35,0.0,-0.004464285714285698,0.03794642857142855,0.0,-0.02901785714285715,-0.006696428571428575,-0.002232142857142856,-0.02901785714285715,0.029017857142857144,0.13839285714285712,0.0,-0.125,0.03125,-0.15625,0.03125,-0.03125,0.0,0.03125
58,0.0,0.042410714285714274,0.0379464285714286,-0.002232142857142863,-0.004464285714285698,-0.01785714285714285,-0.006696428571428575,-0.022321428571428603,0.002232142857142849,0.1361607142857143,-0.15625,-0.125,0.1875,-0.03125,0.0,0.0625,0.03125,-0.03125
29,0.0,0.006696428571428575,0.0267857142857143,0.008928571428571425,0.013392857142857123,-0.03348214285714285,-0.008928571428571425,-0.03125,-0.004464285714285712,0.1339285714285714,0.0625,-0.15625,0.0,-0.03125,-0.03125,-0.0625,-0.03125,0.09375
16,0.0,-0.026785714285714274,0.004464285714285754,-0.015625,0.015625,-0.02901785714285715,0.004464285714285712,0.004464285714285698,-0.03125,0.1316964285714286,0.0,-0.03125,-0.03125,0.125,0.0,-0.09375,-0.03125,0.03125
19,0.0,-0.01339285714285715,0.022321428571428548,-0.008928571428571438,-0.024553571428571425,0.01339285714285715,-0.006696428571428572,0.0267857142857143,0.015625000000000003,0.1316964285714286,-0.125,-0.125,0.1875,0.03125,0.0,0.0625,0.09375,0.09375
31,0.0,0.03125,0.024553571428571452,-0.002232142857142863,0.008928571428571425,-0.01785714285714285,-0.004464285714285712,-0.031249999999999944,-0.01116071428571428,0.13169642857142852,0.0625,-0.03125,0.0,0.0625,0.0,0.0,0.0625,0.03125
37,0.0,-0.040178571428571425,-0.006696428571428548,-0.011160714285714288,0.015625,0.011160714285714274,0.002232142857142856,0.015625,-0.026785714285714284,0.12946428571428567,0.0625,0.0625,-0.03125,-0.03125,0.0,0.03125,-0.03125,0.0
36,0.0,-0.01339285714285715,0.02901785714285715,-0.006696428571428575,-0.004464285714285726,0.011160714285714288,-0.015625,0.044642857142857095,-0.002232142857142856,0.12723214285714285,0.1875,0.0625,-0.03125,0.03125,0.03125,-0.0625,-0.03125,0.09375
55,0.0,0.008928571428571425,-0.006696428571428548,0.020089285714285712,-0.01785714285714285,-0.008928571428571438,0.017857142857142856,-0.008928571428571397,0.03794642857142856,0.1272321428571428,0.125,-0.09375,0.03125,-0.03125,-0.03125,0.03125,-0.0625,0.09375
14,0.0,0.011160714285714274,-0.002232142857142849,0.0066964285714285615,0.024553571428571425,-0.006696428571428575,0.004464285714285712,-0.0513392857142857,-0.017857142857142856,0.12499999999999994,0.0625,-0.15625,-0.125,0.0625,0.03125,-0.125,0.03125,0.0
34,0.0,0.013392857142857123,0.0,0.01785714285714285,0.024553571428571425,0.011160714285714274,-0.004464285714285712,-0.0424107142857143,-0.0066964285714285685,0.12053571428571425,-0.03125,0.15625,0.1875,0.0625,0.03125,0.0625,0.0,0.03125
46,0.0,-0.011160714285714274,-0.03125,0.02232142857142856,0.008928571428571425,-0.01339285714285715,-0.004464285714285712,0.01339285714285715,0.013392857142857144,0.11830357142857142,0.03125,-0.03125,0.0,-0.03125,0.0,0.09375,-0.03125,0.0
47,0.0,-0.0200892857142857,-0.01339285714285715,-0.011160714285714288,0.022321428571428575,-0.011160714285714288,0.0,-0.006696428571428548,-0.03348214285714285,0.1183035714285714,-0.03125,0.0625,-0.03125,0.03125,-0.03125,0.0,0.0625,0.0625
40,0.0,0.004464285714285726,0.026785714285714246,-0.004464285714285712,-0.026785714285714274,0.024553571428571425,-0.002232142857142856,0.006696428571428548,0.02232142857142857,0.11830357142857137,0.09375,0.0625,0.0,0.03125,-0.03125,0.09375,0.03125,-0.03125
39,0.0,-0.040178571428571425,-0.006696428571428548,-0.011160714285714288,-0.002232142857142877,0.008928571428571425,-0.008928571428571425,0.02901785714285715,-0.008928571428571438,0.11607142857142858,0.09375,0.03125,-0.03125,0.03125,-0.03125,-0.03125,0.03125,0.03125
32,0.0,0.002232142857142849,0.015625,-0.008928571428571438,0.004464285714285726,0.006696428571428575,0.022321428571428572,-0.042410714285714246,-0.013392857142857144,0.11607142857142855,0.0625,0.0,0.0,0.09375,0.0,0.03125,0.0,-0.0625
4,0.0,-0.022321428571428575,0.015625,-0.006696428571428575,0.006696428571428575,0.008928571428571425,-0.02232142857142857,0.017857142857142905,-0.013392857142857137,0.11383928571428577,0.09375,0.0625,-0.03125,-0.0625,0.03125,0.03125,0.03125,0.0
2,0.0,0.004464285714285726,-0.01785714285714285,-0.0066964285714285615,-0.002232142857142877,0.024553571428571425,0.006696428571428572,0.046875,-0.004464285714285719,0.11383928571428573,-0.1875,0.0,-0.03125,0.0,-0.0625,-0.03125,-0.03125,0.0
24,0.0,0.01339285714285715,0.022321428571428603,0.008928571428571425,-0.002232142857142849,-0.037946428571428575,-0.002232142857142856,-0.015625,0.01116071428571428,0.11383928571428573,0.125,-0.0625,0.0,0.03125,0.03125,-0.03125,0.125,0.0
38,0.0,0.004464285714285698,0.020089285714285754,0.01785714285714285,0.004464285714285698,0.01339285714285715,-0.02901785714285714,-0.004464285714285698,0.013392857142857144,0.10714285714285712,0.0625,0.09375,0.21875,-0.09375,0.0,-0.03125,0.0625,0.03125
42,0.0,0.006696428571428548,-0.011160714285714246,0.0,0.013392857142857123,-0.03348214285714285,-0.002232142857142863,-0.026785714285714246,-0.013392857142857144,0.10714285714285701,-0.0625,0.0,-0.125,-0.0625,0.0625,-0.15625,-0.03125,0.03125
53,0.0,0.020089285714285726,-0.006696428571428603,0.0066964285714285615,0.015625,-0.013392857142857137,0.0066964285714285685,-0.0267857142857143,-0.008928571428571425,0.10491071428571433,0.0,-0.0625,0.0,0.03125,0.03125,-0.03125,-0.03125,-0.09375
50,0.0,-0.011160714285714274,-0.022321428571428603,0.017857142857142863,0.017857142857142877,-0.01339285714285715,-0.013392857142857144,0.008928571428571397,6.938893903907228e-18,0.1049107142857143,-0.0625,0.0,0.125,-0.0625,0.0,-0.03125,0.0625,-0.125
11,0.0,0.008928571428571425,0.024553571428571452,0.004464285714285712,0.011160714285714274,-0.03348214285714286,0.008928571428571425,-0.006696428571428548,-0.006696428571428575,0.10491071428571427,0.09375,-0.09375,0.03125,0.0,-0.03125,-0.0625,-0.03125,-0.0625
57,0.0,-0.008928571428571425,0.046875,-0.015625,-0.008928571428571425,-0.006696428571428575,-0.008928571428571425,0.002232142857142849,-0.0066964285714285685,0.10491071428571427,0.09375,-0.0625,0.09375,-0.03125,0.0,0.0,-0.03125,0.0
15,0.0,0.02901785714285715,0.022321428571428603,0.004464285714285712,-0.017857142857142877,-0.002232142857142877,-0.002232142857142856,0.002232142857142849,0.022321428571428575,0.10267857142857151,-0.0625,-0.09375,0.125,0.0625,0.0,0.21875,0.03125,0.03125
60,0.0,-0.008928571428571452,-0.004464285714285754,0.002232142857142849,0.024553571428571425,0.01785714285714285,-0.002232142857142856,-0.0200892857142857,-0.02232142857142857,0.10267857142857145,-0.03125,0.0,-0.09375,-0.03125,0.0,-0.03125,0.0625,0.0625
25,0.0,0.024553571428571452,-0.004464285714285698,0.006696428571428575,-0.0200892857142857,0.01339285714285715,-0.002232142857142863,-0.004464285714285698,0.026785714285714288,0.10267857142857142,-0.03125,0.0625,0.0,0.0,0.0,0.0625,0.0,0.0
48,0.0,0.004464285714285698,-0.024553571428571452,-0.006696428571428575,0.004464285714285726,0.015625000000000014,0.002232142857142863,0.02901785714285715,-0.011160714285714288,0.09821428571428577,-0.0625,-0.21875,0.0,-0.09375,-0.03125,0.125,-0.03125,0.0
30,0.0,0.011160714285714302,0.024553571428571452,0.0,0.011160714285714302,-0.008928571428571425,-0.013392857142857147,0.011160714285714302,-0.011160714285714288,0.09151785714285722,-0.03125,0.15625,0.03125,0.03125,0.0,0.03125,0.0,0.0
5,0.0,0.006696428571428575,5.551115123125783e-17,0.004464285714285712,-0.017857142857142877,0.011160714285714274,-0.004464285714285712,0.022321428571428548,0.02232142857142857,0.08928571428571433,-0.15625,0.0,-0.09375,-0.03125,0.0,0.03125,-0.09375,-0.03125
49,0.0,0.0,0.002232142857142849,0.0066964285714285615,-0.01785714285714285,-0.011160714285714288,0.01116071428571428,-0.015625,0.024553571428571428,0.08928571428571425,0.09375,-0.03125,-0.125,0.0625,0.0,0.09375,0.0,0.09375
20,0.0,-0.03348214285714285,-0.002232142857142849,0.002232142857142863,0.008928571428571425,0.004464285714285712,0.006696428571428575,-0.0200892857142857,-0.006696428571428575,0.08482142857142855,0.09375,0.0,0.0625,-0.0625,0.0,-0.125,-0.03125,-0.03125
33,0.0,-0.002232142857142849,-0.002232142857142849,-0.002232142857142863,0.01785714285714285,-0.01339285714285715,0.01339285714285714,-0.011160714285714302,-0.020089285714285712,0.08258928571428571,-0.125,0.09375,-0.03125,-0.0625,0.0,-0.125,-0.0625,0.0625
26,0.0,-0.022321428571428548,-0.024553571428571397,0.0066964285714285615,-0.004464285714285726,0.0,0.0,0.008928571428571397,0.01116071428571428,0.07812499999999992,0.1875,-0.1875,-0.09375,0.125,-0.03125,0.0,0.0,-0.0625
51,0.0,-0.015625,-0.011160714285714302,-0.013392857142857137,-0.004464285714285726,-0.002232142857142877,-0.002232142857142856,0.008928571428571452,-0.008928571428571425,0.06696428571428578,-0.09375,0.0,-0.03125,0.03125,0.03125,0.03125,-0.0625,0.0
43,0.0,0.01785714285714285,0.0,0.0,0.008928571428571425,1.3877787807814457e-17,-0.011160714285714288,5.551115123125783e-17,-0.008928571428571432,0.04687500000000006,-0.09375,0.03125,0.1875,0.125,0.0,0.0625,0.0,0.0
